,0,date
0,Hold,2018-01-02
1,Hold,2018-01-02
2,Hold,2018-01-02
3,Hold,2018-01-02
4,Hold,2018-01-02
5,Hold,2018-01-02
6,Hold,2018-01-02
7,Hold,2018-01-02
8,Hold,2018-01-03
9,Hold,2018-01-03
10,Hold,2018-01-03
11,Hold,2018-01-03
12,Hold,2018-01-03
13,Hold,2018-01-03
14,Hold,2018-01-03
15,Hold,2018-01-03
16,Hold,2018-01-03
17,Hold,2018-01-03
18,Hold,2018-01-04
19,Hold,2018-01-04
20,Hold,2018-01-04
21,Hold,2018-01-04
22,Hold,2018-01-04
23,Hold,2018-01-04
24,Hold,2018-01-04
25,Hold,2018-01-04
26,Hold,2018-01-04
27,Hold,2018-01-04
28,Hold,2018-01-05
29,Hold,2018-01-05
30,Hold,2018-01-05
31,Hold,2018-01-05
32,Hold,2018-01-05
33,Hold,2018-01-05
34,Hold,2018-01-05
35,Hold,2018-01-05
36,Hold,2018-01-05
37,Hold,2018-01-05
38,Hold,2018-01-08
39,Hold,2018-01-08
40,Hold,2018-01-08
41,Hold,2018-01-08
42,Hold,2018-01-08
43,Hold,2018-01-08
44,Hold,2018-01-08
45,Hold,2018-01-08
46,Hold,2018-01-08
47,Hold,2018-01-09
48,Hold,2018-01-09
49,Hold,2018-01-09
50,Hold,2018-01-09
51,Hold,2018-01-09
52,Hold,2018-01-09
53,Hold,2018-01-09
54,Hold,2018-01-09
55,Hold,2018-01-09
56,Hold,2018-01-09
57,Hold,2018-01-10
58,Hold,2018-01-10
59,Hold,2018-01-10
60,Hold,2018-01-10
61,Hold,2018-01-10
62,Hold,2018-01-10
63,Hold,2018-01-10
64,Hold,2018-01-10
65,Hold,2018-01-10
66,Hold,2018-01-10
67,Hold,2018-01-11
68,Hold,2018-01-11
69,Hold,2018-01-11
70,Hold,2018-01-11
71,Hold,2018-01-11
72,Hold,2018-01-11
73,Hold,2018-01-11
74,Hold,2018-01-11
75,Hold,2018-01-11
76,Hold,2018-01-11
77,Sell,2018-01-12
78,Sell,2018-01-12
79,Sell,2018-01-12
80,Sell,2018-01-12
81,Sell,2018-01-12
82,Sell,2018-01-12
83,Sell,2018-01-12
84,Sell,2018-01-12
85,Sell,2018-01-12
86,Sell,2018-01-12
87,Buy,2018-01-16
88,Buy,2018-01-16
89,Buy,2018-01-16
90,Buy,2018-01-16
91,Buy,2018-01-16
92,Buy,2018-01-16
93,Buy,2018-01-16
94,Buy,2018-01-16
95,Buy,2018-01-16
96,Hold,2018-01-17
97,Hold,2018-01-17
98,Hold,2018-01-17
99,Hold,2018-01-17
100,Hold,2018-01-17
101,Hold,2018-01-17
102,Hold,2018-01-17
103,Hold,2018-01-17
104,Hold,2018-01-17
105,Hold,2018-01-17
106,Hold,2018-01-18
107,Hold,2018-01-18
108,Hold,2018-01-18
109,Hold,2018-01-18
110,Hold,2018-01-18
111,Hold,2018-01-18
112,Hold,2018-01-18
113,Hold,2018-01-18
114,Hold,2018-01-18
115,Hold,2018-01-18
116,Hold,2018-01-19
117,Hold,2018-01-19
118,Hold,2018-01-19
119,Hold,2018-01-19
120,Hold,2018-01-19
121,Hold,2018-01-19
122,Hold,2018-01-19
123,Hold,2018-01-19
124,Hold,2018-01-19
125,Hold,2018-01-19
126,Hold,2018-01-22
127,Hold,2018-01-22
128,Hold,2018-01-22
129,Hold,2018-01-22
130,Hold,2018-01-22
131,Hold,2018-01-22
132,Hold,2018-01-22
133,Hold,2018-01-22
134,Hold,2018-01-22
135,Hold,2018-01-22
136,Hold,2018-01-23
137,Hold,2018-01-23
138,Hold,2018-01-23
139,Hold,2018-01-23
140,Hold,2018-01-23
141,Hold,2018-01-23
142,Hold,2018-01-23
143,Hold,2018-01-23
144,Hold,2018-01-23
145,Hold,2018-01-23
146,Buy,2018-01-24
147,Buy,2018-01-24
148,Buy,2018-01-24
149,Buy,2018-01-24
150,Buy,2018-01-24
151,Buy,2018-01-24
152,Buy,2018-01-24
153,Buy,2018-01-24
154,Buy,2018-01-24
155,Buy,2018-01-24
156,Hold,2018-01-25
157,Hold,2018-01-25
158,Hold,2018-01-25
159,Hold,2018-01-25
160,Hold,2018-01-25
161,Hold,2018-01-25
162,Hold,2018-01-25
163,Hold,2018-01-25
164,Hold,2018-01-25
165,Hold,2018-01-25
166,Hold,2018-01-26
167,Hold,2018-01-26
168,Hold,2018-01-26
169,Hold,2018-01-26
170,Hold,2018-01-26
171,Hold,2018-01-26
172,Hold,2018-01-26
173,Hold,2018-01-26
174,Hold,2018-01-26
175,Hold,2018-01-26
176,Hold,2018-01-29
177,Hold,2018-01-29
178,Hold,2018-01-29
179,Hold,2018-01-29
180,Hold,2018-01-29
181,Hold,2018-01-29
182,Hold,2018-01-29
183,Hold,2018-01-29
184,Hold,2018-01-29
185,Hold,2018-01-29
186,Hold,2018-01-30
187,Hold,2018-01-30
188,Hold,2018-01-30
189,Hold,2018-01-30
190,Hold,2018-01-30
191,Hold,2018-01-30
192,Hold,2018-01-30
193,Hold,2018-01-30
194,Hold,2018-01-30
195,Hold,2018-01-30
196,Buy,2018-01-31
197,Buy,2018-01-31
198,Buy,2018-01-31
199,Buy,2018-01-31
200,Buy,2018-01-31
201,Buy,2018-01-31
202,Buy,2018-01-31
203,Buy,2018-01-31
204,Buy,2018-01-31
205,Buy,2018-01-31
206,Sell,2018-02-01
207,Sell,2018-02-01
208,Sell,2018-02-01
209,Sell,2018-02-01
210,Sell,2018-02-01
211,Sell,2018-02-01
212,Sell,2018-02-01
213,Sell,2018-02-01
214,Sell,2018-02-01
215,Sell,2018-02-02
216,Sell,2018-02-02
217,Sell,2018-02-02
218,Sell,2018-02-02
219,Sell,2018-02-02
220,Sell,2018-02-02
221,Sell,2018-02-02
222,Sell,2018-02-02
223,Sell,2018-02-02
224,Sell,2018-02-02
225,Buy,2018-02-05
226,Buy,2018-02-05
227,Buy,2018-02-05
228,Buy,2018-02-05
229,Buy,2018-02-05
230,Buy,2018-02-05
231,Buy,2018-02-05
232,Buy,2018-02-05
233,Buy,2018-02-05
234,Buy,2018-02-05
235,Sell,2018-02-06
236,Sell,2018-02-06
237,Sell,2018-02-06
238,Sell,2018-02-06
239,Sell,2018-02-06
240,Sell,2018-02-06
241,Sell,2018-02-06
242,Sell,2018-02-06
243,Sell,2018-02-06
244,Sell,2018-02-06
245,Sell,2018-02-07
246,Sell,2018-02-07
247,Sell,2018-02-07
248,Sell,2018-02-07
249,Sell,2018-02-07
250,Sell,2018-02-07
251,Sell,2018-02-07
252,Sell,2018-02-07
253,Sell,2018-02-07
254,Buy,2018-02-08
255,Buy,2018-02-08
256,Buy,2018-02-08
257,Buy,2018-02-08
258,Buy,2018-02-08
259,Buy,2018-02-08
260,Buy,2018-02-08
261,Buy,2018-02-08
262,Buy,2018-02-08
263,Buy,2018-02-08
264,Buy,2018-02-09
265,Buy,2018-02-09
266,Buy,2018-02-09
267,Buy,2018-02-09
268,Buy,2018-02-09
269,Buy,2018-02-09
270,Buy,2018-02-09
271,Buy,2018-02-09
272,Hold,2018-02-12
273,Hold,2018-02-12
274,Hold,2018-02-12
275,Hold,2018-02-12
276,Hold,2018-02-12
277,Hold,2018-02-12
278,Hold,2018-02-12
279,Hold,2018-02-12
280,Hold,2018-02-12
281,Buy,2018-02-13
282,Buy,2018-02-13
283,Buy,2018-02-13
284,Buy,2018-02-13
285,Buy,2018-02-13
286,Buy,2018-02-13
287,Buy,2018-02-13
288,Buy,2018-02-13
289,Buy,2018-02-13
290,Buy,2018-02-14
291,Buy,2018-02-14
292,Buy,2018-02-14
293,Buy,2018-02-14
294,Buy,2018-02-14
295,Buy,2018-02-14
296,Buy,2018-02-14
297,Buy,2018-02-14
298,Buy,2018-02-14
299,Hold,2018-02-15
300,Hold,2018-02-15
301,Hold,2018-02-15
302,Hold,2018-02-15
303,Hold,2018-02-15
304,Hold,2018-02-15
305,Hold,2018-02-15
306,Hold,2018-02-15
307,Hold,2018-02-15
308,Hold,2018-02-15
309,Buy,2018-02-16
310,Buy,2018-02-16
311,Buy,2018-02-16
312,Buy,2018-02-16
313,Buy,2018-02-16
314,Buy,2018-02-16
315,Buy,2018-02-16
316,Buy,2018-02-16
317,Buy,2018-02-16
318,Hold,2018-02-20
319,Hold,2018-02-20
320,Hold,2018-02-20
321,Hold,2018-02-20
322,Hold,2018-02-20
323,Hold,2018-02-20
324,Hold,2018-02-20
325,Hold,2018-02-20
326,Hold,2018-02-20
327,Hold,2018-02-20
328,Hold,2018-02-21
329,Hold,2018-02-21
330,Hold,2018-02-21
331,Hold,2018-02-21
332,Hold,2018-02-21
333,Hold,2018-02-21
334,Hold,2018-02-21
335,Hold,2018-02-21
336,Hold,2018-02-21
337,Hold,2018-02-21
338,Hold,2018-02-22
339,Hold,2018-02-22
340,Hold,2018-02-22
341,Hold,2018-02-22
342,Hold,2018-02-22
343,Hold,2018-02-22
344,Hold,2018-02-22
345,Hold,2018-02-22
346,Hold,2018-02-22
347,Buy,2018-02-23
348,Buy,2018-02-23
349,Buy,2018-02-23
350,Buy,2018-02-23
351,Buy,2018-02-23
352,Buy,2018-02-23
353,Buy,2018-02-23
354,Buy,2018-02-23
355,Buy,2018-02-23
356,Buy,2018-02-23
357,Hold,2018-02-26
358,Hold,2018-02-26
359,Hold,2018-02-26
360,Hold,2018-02-26
361,Hold,2018-02-26
362,Hold,2018-02-26
363,Hold,2018-02-26
364,Hold,2018-02-26
365,Hold,2018-02-26
366,Hold,2018-02-26
367,Sell,2018-02-27
368,Sell,2018-02-27
369,Sell,2018-02-27
370,Sell,2018-02-27
371,Sell,2018-02-27
372,Sell,2018-02-27
373,Sell,2018-02-27
374,Sell,2018-02-27
375,Sell,2018-02-27
376,Sell,2018-02-27
377,Hold,2018-02-28
378,Hold,2018-02-28
379,Hold,2018-02-28
380,Hold,2018-02-28
381,Hold,2018-02-28
382,Hold,2018-02-28
383,Hold,2018-02-28
384,Hold,2018-02-28
385,Hold,2018-02-28
386,Hold,2018-02-28
387,Hold,2018-03-01
388,Hold,2018-03-01
389,Hold,2018-03-01
390,Hold,2018-03-01
391,Hold,2018-03-01
392,Hold,2018-03-01
393,Hold,2018-03-01
394,Hold,2018-03-01
395,Hold,2018-03-01
396,Hold,2018-03-01
397,Hold,2018-03-02
398,Hold,2018-03-02
399,Hold,2018-03-02
400,Hold,2018-03-02
401,Hold,2018-03-02
402,Hold,2018-03-02
403,Hold,2018-03-02
404,Hold,2018-03-02
405,Hold,2018-03-02
406,Hold,2018-03-05
407,Hold,2018-03-05
408,Hold,2018-03-05
409,Hold,2018-03-05
410,Hold,2018-03-05
411,Hold,2018-03-05
412,Hold,2018-03-05
413,Hold,2018-03-05
414,Hold,2018-03-05
415,Hold,2018-03-05
416,Hold,2018-03-06
417,Hold,2018-03-06
418,Hold,2018-03-06
419,Hold,2018-03-06
420,Hold,2018-03-06
421,Hold,2018-03-06
422,Hold,2018-03-06
423,Hold,2018-03-06
424,Hold,2018-03-06
425,Hold,2018-03-07
426,Hold,2018-03-07
427,Hold,2018-03-07
428,Hold,2018-03-07
429,Hold,2018-03-07
430,Hold,2018-03-07
431,Hold,2018-03-07
432,Hold,2018-03-07
433,Hold,2018-03-07
434,Hold,2018-03-07
435,Hold,2018-03-08
436,Hold,2018-03-08
437,Hold,2018-03-08
438,Hold,2018-03-08
439,Hold,2018-03-08
440,Hold,2018-03-08
441,Hold,2018-03-08
442,Hold,2018-03-08
443,Hold,2018-03-08
444,Hold,2018-03-09
445,Hold,2018-03-09
446,Hold,2018-03-09
447,Hold,2018-03-09
448,Hold,2018-03-09
449,Hold,2018-03-09
450,Hold,2018-03-09
451,Hold,2018-03-09
452,Hold,2018-03-09
453,Hold,2018-03-12
454,Hold,2018-03-12
455,Hold,2018-03-12
456,Hold,2018-03-12
457,Hold,2018-03-12
458,Hold,2018-03-12
459,Hold,2018-03-12
460,Hold,2018-03-12
461,Hold,2018-03-12
462,Hold,2018-03-13
463,Hold,2018-03-13
464,Hold,2018-03-13
465,Hold,2018-03-13
466,Hold,2018-03-13
467,Hold,2018-03-13
468,Hold,2018-03-13
469,Hold,2018-03-13
470,Hold,2018-03-13
471,Hold,2018-03-13
472,Hold,2018-03-14
473,Hold,2018-03-14
474,Hold,2018-03-14
475,Hold,2018-03-14
476,Hold,2018-03-14
477,Hold,2018-03-14
478,Hold,2018-03-14
479,Hold,2018-03-14
480,Hold,2018-03-14
481,Hold,2018-03-14
482,Hold,2018-03-15
483,Hold,2018-03-15
484,Hold,2018-03-15
485,Hold,2018-03-15
486,Hold,2018-03-15
487,Hold,2018-03-15
488,Hold,2018-03-15
489,Hold,2018-03-15
490,Hold,2018-03-15
491,Hold,2018-03-15
492,Hold,2018-03-16
493,Hold,2018-03-16
494,Hold,2018-03-16
495,Hold,2018-03-16
496,Hold,2018-03-16
497,Hold,2018-03-16
498,Hold,2018-03-16
499,Hold,2018-03-16
500,Hold,2018-03-16
501,Hold,2018-03-16
502,Hold,2018-03-19
503,Hold,2018-03-19
504,Hold,2018-03-19
505,Hold,2018-03-19
506,Hold,2018-03-19
507,Hold,2018-03-19
508,Hold,2018-03-19
509,Hold,2018-03-19
510,Hold,2018-03-19
511,Hold,2018-03-19
512,Hold,2018-03-20
513,Hold,2018-03-20
514,Hold,2018-03-20
515,Hold,2018-03-20
516,Hold,2018-03-20
517,Hold,2018-03-20
518,Hold,2018-03-20
519,Hold,2018-03-20
520,Hold,2018-03-20
521,Sell,2018-03-21
522,Sell,2018-03-21
523,Sell,2018-03-21
524,Sell,2018-03-21
525,Sell,2018-03-21
526,Sell,2018-03-21
527,Sell,2018-03-21
528,Sell,2018-03-21
529,Sell,2018-03-21
530,Sell,2018-03-21
531,Sell,2018-03-22
532,Sell,2018-03-22
533,Sell,2018-03-22
534,Sell,2018-03-22
535,Sell,2018-03-22
536,Sell,2018-03-22
537,Sell,2018-03-22
538,Sell,2018-03-22
539,Sell,2018-03-22
540,Sell,2018-03-22
541,Buy,2018-03-23
542,Buy,2018-03-23
543,Buy,2018-03-23
544,Buy,2018-03-23
545,Buy,2018-03-23
546,Buy,2018-03-23
547,Buy,2018-03-23
548,Buy,2018-03-23
549,Buy,2018-03-23
550,Buy,2018-03-23
551,Sell,2018-03-26
552,Sell,2018-03-26
553,Sell,2018-03-26
554,Sell,2018-03-26
555,Sell,2018-03-26
556,Sell,2018-03-26
557,Sell,2018-03-26
558,Sell,2018-03-26
559,Sell,2018-03-26
560,Sell,2018-03-27
561,Sell,2018-03-27
562,Sell,2018-03-27
563,Sell,2018-03-27
564,Sell,2018-03-27
565,Sell,2018-03-27
566,Sell,2018-03-27
567,Sell,2018-03-27
568,Sell,2018-03-27
569,Hold,2018-03-28
570,Hold,2018-03-28
571,Hold,2018-03-28
572,Hold,2018-03-28
573,Hold,2018-03-28
574,Hold,2018-03-28
575,Hold,2018-03-28
576,Hold,2018-03-28
577,Hold,2018-03-28
578,Sell,2018-03-29
579,Sell,2018-03-29
580,Sell,2018-03-29
581,Sell,2018-03-29
582,Sell,2018-03-29
583,Sell,2018-03-29
584,Sell,2018-03-29
585,Sell,2018-03-29
586,Sell,2018-03-29
587,Sell,2018-03-29
588,Buy,2018-04-02
589,Buy,2018-04-02
590,Buy,2018-04-02
591,Buy,2018-04-02
592,Buy,2018-04-02
593,Buy,2018-04-02
594,Buy,2018-04-02
595,Buy,2018-04-02
596,Buy,2018-04-02
597,Buy,2018-04-02
598,Hold,2018-04-03
599,Hold,2018-04-03
600,Hold,2018-04-03
601,Hold,2018-04-03
602,Hold,2018-04-03
603,Hold,2018-04-03
604,Hold,2018-04-03
605,Hold,2018-04-03
606,Hold,2018-04-03
607,Hold,2018-04-03
608,Hold,2018-04-04
609,Hold,2018-04-04
610,Hold,2018-04-04
611,Hold,2018-04-04
612,Hold,2018-04-04
613,Hold,2018-04-04
614,Hold,2018-04-04
615,Hold,2018-04-04
616,Hold,2018-04-04
617,Hold,2018-04-04
618,Sell,2018-04-05
619,Sell,2018-04-05
620,Sell,2018-04-05
621,Sell,2018-04-05
622,Sell,2018-04-05
623,Sell,2018-04-05
624,Sell,2018-04-05
625,Sell,2018-04-05
626,Sell,2018-04-05
627,Sell,2018-04-05
628,Hold,2018-04-06
629,Hold,2018-04-06
630,Hold,2018-04-06
631,Hold,2018-04-06
632,Hold,2018-04-06
633,Hold,2018-04-06
634,Hold,2018-04-06
635,Hold,2018-04-06
636,Hold,2018-04-06
637,Hold,2018-04-06
638,Buy,2018-04-09
639,Buy,2018-04-09
640,Buy,2018-04-09
641,Buy,2018-04-09
642,Buy,2018-04-09
643,Buy,2018-04-09
644,Buy,2018-04-09
645,Buy,2018-04-09
646,Buy,2018-04-09
647,Buy,2018-04-09
648,Hold,2018-04-10
649,Hold,2018-04-10
650,Hold,2018-04-10
651,Hold,2018-04-10
652,Hold,2018-04-10
653,Hold,2018-04-10
654,Hold,2018-04-10
655,Hold,2018-04-10
656,Hold,2018-04-10
657,Hold,2018-04-10
658,Hold,2018-04-11
659,Hold,2018-04-11
660,Hold,2018-04-11
661,Hold,2018-04-11
662,Hold,2018-04-11
663,Hold,2018-04-11
664,Hold,2018-04-11
665,Hold,2018-04-11
666,Hold,2018-04-11
667,Hold,2018-04-11
668,Hold,2018-04-12
669,Hold,2018-04-12
670,Hold,2018-04-12
671,Hold,2018-04-12
672,Hold,2018-04-12
673,Hold,2018-04-12
674,Hold,2018-04-12
675,Hold,2018-04-12
676,Hold,2018-04-12
677,Hold,2018-04-12
678,Hold,2018-04-13
679,Hold,2018-04-13
680,Hold,2018-04-13
681,Hold,2018-04-13
682,Hold,2018-04-13
683,Hold,2018-04-13
684,Hold,2018-04-13
685,Hold,2018-04-13
686,Hold,2018-04-13
687,Hold,2018-04-13
688,Hold,2018-04-16
689,Hold,2018-04-16
690,Hold,2018-04-16
691,Hold,2018-04-16
692,Hold,2018-04-16
693,Hold,2018-04-16
694,Hold,2018-04-16
695,Hold,2018-04-16
696,Hold,2018-04-16
697,Hold,2018-04-16
698,Hold,2018-04-17
699,Hold,2018-04-17
700,Hold,2018-04-17
701,Hold,2018-04-17
702,Hold,2018-04-17
703,Hold,2018-04-17
704,Hold,2018-04-17
705,Hold,2018-04-17
706,Hold,2018-04-17
707,Hold,2018-04-17
708,Hold,2018-04-18
709,Hold,2018-04-18
710,Hold,2018-04-18
711,Hold,2018-04-18
712,Hold,2018-04-18
713,Hold,2018-04-18
714,Hold,2018-04-18
715,Hold,2018-04-18
716,Hold,2018-04-19
717,Hold,2018-04-19
718,Hold,2018-04-19
719,Hold,2018-04-19
720,Hold,2018-04-19
721,Hold,2018-04-19
722,Hold,2018-04-19
723,Hold,2018-04-19
724,Hold,2018-04-19
725,Hold,2018-04-19
726,Hold,2018-04-20
727,Hold,2018-04-20
728,Hold,2018-04-20
729,Hold,2018-04-20
730,Hold,2018-04-20
731,Hold,2018-04-20
732,Hold,2018-04-20
733,Hold,2018-04-20
734,Hold,2018-04-20
735,Hold,2018-04-20
736,Sell,2018-04-23
737,Sell,2018-04-23
738,Sell,2018-04-23
739,Sell,2018-04-23
740,Sell,2018-04-23
741,Sell,2018-04-23
742,Sell,2018-04-23
743,Sell,2018-04-23
744,Sell,2018-04-23
745,Hold,2018-04-24
746,Hold,2018-04-24
747,Hold,2018-04-24
748,Hold,2018-04-24
749,Hold,2018-04-24
750,Hold,2018-04-24
751,Hold,2018-04-24
752,Hold,2018-04-24
753,Hold,2018-04-24
754,Buy,2018-04-25
755,Buy,2018-04-25
756,Buy,2018-04-25
757,Buy,2018-04-25
758,Buy,2018-04-25
759,Buy,2018-04-25
760,Buy,2018-04-25
761,Buy,2018-04-25
762,Buy,2018-04-25
763,Buy,2018-04-25
764,Sell,2018-04-26
765,Sell,2018-04-26
766,Sell,2018-04-26
767,Sell,2018-04-26
768,Sell,2018-04-26
769,Sell,2018-04-26
770,Sell,2018-04-26
771,Sell,2018-04-26
772,Sell,2018-04-26
773,Sell,2018-04-26
774,Hold,2018-04-27
775,Hold,2018-04-27
776,Hold,2018-04-27
777,Hold,2018-04-27
778,Hold,2018-04-27
779,Hold,2018-04-27
780,Hold,2018-04-27
781,Hold,2018-04-27
782,Hold,2018-04-27
783,Hold,2018-04-27
784,Buy,2018-04-30
785,Buy,2018-04-30
786,Buy,2018-04-30
787,Buy,2018-04-30
788,Buy,2018-04-30
789,Buy,2018-04-30
790,Buy,2018-04-30
791,Buy,2018-04-30
792,Buy,2018-04-30
793,Buy,2018-04-30
794,Hold,2018-05-01
795,Hold,2018-05-01
796,Hold,2018-05-01
797,Hold,2018-05-01
798,Hold,2018-05-01
799,Hold,2018-05-01
800,Hold,2018-05-01
801,Hold,2018-05-01
802,Hold,2018-05-01
803,Hold,2018-05-01
804,Hold,2018-05-02
805,Hold,2018-05-02
806,Hold,2018-05-02
807,Hold,2018-05-02
808,Hold,2018-05-02
809,Hold,2018-05-02
810,Hold,2018-05-02
811,Hold,2018-05-02
812,Hold,2018-05-02
813,Hold,2018-05-03
814,Hold,2018-05-03
815,Hold,2018-05-03
816,Hold,2018-05-03
817,Hold,2018-05-03
818,Hold,2018-05-03
819,Hold,2018-05-03
820,Hold,2018-05-03
821,Hold,2018-05-03
822,Hold,2018-05-03
823,Hold,2018-05-04
824,Hold,2018-05-04
825,Hold,2018-05-04
826,Hold,2018-05-04
827,Hold,2018-05-04
828,Hold,2018-05-04
829,Hold,2018-05-04
830,Hold,2018-05-04
831,Hold,2018-05-04
832,Hold,2018-05-04
833,Hold,2018-05-07
834,Hold,2018-05-07
835,Hold,2018-05-07
836,Hold,2018-05-07
837,Hold,2018-05-07
838,Hold,2018-05-07
839,Hold,2018-05-07
840,Hold,2018-05-07
841,Hold,2018-05-07
842,Hold,2018-05-07
843,Buy,2018-05-08
844,Buy,2018-05-08
845,Buy,2018-05-08
846,Buy,2018-05-08
847,Buy,2018-05-08
848,Buy,2018-05-08
849,Buy,2018-05-08
850,Buy,2018-05-08
851,Buy,2018-05-08
852,Buy,2018-05-08
853,Hold,2018-05-09
854,Hold,2018-05-09
855,Hold,2018-05-09
856,Hold,2018-05-09
857,Hold,2018-05-09
858,Hold,2018-05-09
859,Hold,2018-05-09
860,Hold,2018-05-09
861,Hold,2018-05-09
862,Hold,2018-05-09
863,Hold,2018-05-10
864,Hold,2018-05-10
865,Hold,2018-05-10
866,Hold,2018-05-10
867,Hold,2018-05-10
868,Hold,2018-05-10
869,Hold,2018-05-10
870,Hold,2018-05-10
871,Sell,2018-05-11
872,Sell,2018-05-11
873,Sell,2018-05-11
874,Sell,2018-05-11
875,Sell,2018-05-11
876,Sell,2018-05-11
877,Sell,2018-05-11
878,Sell,2018-05-11
879,Sell,2018-05-11
880,Sell,2018-05-11
881,Hold,2018-05-14
882,Hold,2018-05-14
883,Hold,2018-05-14
884,Hold,2018-05-14
885,Hold,2018-05-14
886,Hold,2018-05-14
887,Hold,2018-05-14
888,Hold,2018-05-14
889,Hold,2018-05-14
890,Hold,2018-05-14
891,Hold,2018-05-15
892,Hold,2018-05-15
893,Hold,2018-05-15
894,Hold,2018-05-15
895,Hold,2018-05-15
896,Hold,2018-05-15
897,Hold,2018-05-15
898,Hold,2018-05-15
899,Hold,2018-05-15
900,Hold,2018-05-15
901,Hold,2018-05-16
902,Hold,2018-05-16
903,Hold,2018-05-16
904,Hold,2018-05-16
905,Hold,2018-05-16
906,Hold,2018-05-16
907,Hold,2018-05-16
908,Hold,2018-05-16
909,Hold,2018-05-16
910,Hold,2018-05-17
911,Hold,2018-05-17
912,Hold,2018-05-17
913,Hold,2018-05-17
914,Hold,2018-05-17
915,Hold,2018-05-17
916,Hold,2018-05-17
917,Hold,2018-05-17
918,Hold,2018-05-17
919,Hold,2018-05-17
920,Hold,2018-05-18
921,Hold,2018-05-18
922,Hold,2018-05-18
923,Hold,2018-05-18
924,Hold,2018-05-18
925,Hold,2018-05-18
926,Hold,2018-05-18
927,Hold,2018-05-18
928,Hold,2018-05-18
929,Hold,2018-05-18
930,Hold,2018-05-21
931,Hold,2018-05-21
932,Hold,2018-05-21
933,Hold,2018-05-21
934,Hold,2018-05-21
935,Hold,2018-05-21
936,Hold,2018-05-21
937,Hold,2018-05-21
938,Hold,2018-05-21
939,Hold,2018-05-21
940,Hold,2018-05-22
941,Hold,2018-05-22
942,Hold,2018-05-22
943,Hold,2018-05-22
944,Hold,2018-05-22
945,Hold,2018-05-22
946,Hold,2018-05-22
947,Hold,2018-05-22
948,Hold,2018-05-22
949,Hold,2018-05-22
950,Hold,2018-05-23
951,Hold,2018-05-23
952,Hold,2018-05-23
953,Hold,2018-05-23
954,Hold,2018-05-23
955,Hold,2018-05-23
956,Hold,2018-05-23
957,Hold,2018-05-23
958,Hold,2018-05-23
959,Hold,2018-05-23
960,Hold,2018-05-24
961,Hold,2018-05-24
962,Hold,2018-05-24
963,Hold,2018-05-24
964,Hold,2018-05-24
965,Hold,2018-05-24
966,Hold,2018-05-24
967,Hold,2018-05-24
968,Hold,2018-05-24
969,Hold,2018-05-24
970,Hold,2018-05-25
971,Hold,2018-05-25
972,Hold,2018-05-25
973,Hold,2018-05-25
974,Hold,2018-05-25
975,Hold,2018-05-25
976,Hold,2018-05-25
977,Hold,2018-05-25
978,Hold,2018-05-25
979,Hold,2018-05-25
980,Hold,2018-05-29
981,Hold,2018-05-29
982,Hold,2018-05-29
983,Hold,2018-05-29
984,Hold,2018-05-29
985,Hold,2018-05-29
986,Hold,2018-05-29
987,Hold,2018-05-29
988,Hold,2018-05-29
989,Hold,2018-05-30
990,Hold,2018-05-30
991,Hold,2018-05-30
992,Hold,2018-05-30
993,Hold,2018-05-30
994,Hold,2018-05-30
995,Hold,2018-05-30
996,Hold,2018-05-30
997,Hold,2018-05-30
998,Hold,2018-05-30
999,Hold,2018-05-31
1000,Hold,2018-05-31
1001,Hold,2018-05-31
1002,Hold,2018-05-31
1003,Hold,2018-05-31
1004,Hold,2018-05-31
1005,Hold,2018-05-31
1006,Hold,2018-05-31
1007,Hold,2018-05-31
1008,Hold,2018-05-31
1009,Hold,2018-06-01
1010,Hold,2018-06-01
1011,Hold,2018-06-01
1012,Hold,2018-06-01
1013,Hold,2018-06-01
1014,Hold,2018-06-01
1015,Hold,2018-06-01
1016,Hold,2018-06-01
1017,Hold,2018-06-01
1018,Hold,2018-06-01
1019,Hold,2018-06-04
1020,Hold,2018-06-04
1021,Hold,2018-06-04
1022,Hold,2018-06-04
1023,Hold,2018-06-04
1024,Hold,2018-06-04
1025,Hold,2018-06-04
1026,Hold,2018-06-04
1027,Hold,2018-06-04
1028,Hold,2018-06-05
1029,Hold,2018-06-05
1030,Hold,2018-06-05
1031,Hold,2018-06-05
1032,Hold,2018-06-05
1033,Hold,2018-06-05
1034,Hold,2018-06-05
1035,Hold,2018-06-05
1036,Hold,2018-06-05
1037,Hold,2018-06-05
1038,Buy,2018-06-06
1039,Buy,2018-06-06
1040,Buy,2018-06-06
1041,Buy,2018-06-06
1042,Buy,2018-06-06
1043,Buy,2018-06-06
1044,Buy,2018-06-06
1045,Buy,2018-06-06
1046,Buy,2018-06-06
1047,Buy,2018-06-06
1048,Hold,2018-06-07
1049,Hold,2018-06-07
1050,Hold,2018-06-07
1051,Hold,2018-06-07
1052,Hold,2018-06-07
1053,Hold,2018-06-07
1054,Hold,2018-06-07
1055,Hold,2018-06-07
1056,Hold,2018-06-07
1057,Hold,2018-06-07
1058,Hold,2018-06-08
1059,Hold,2018-06-08
1060,Hold,2018-06-08
1061,Hold,2018-06-08
1062,Hold,2018-06-08
1063,Hold,2018-06-08
1064,Hold,2018-06-08
1065,Hold,2018-06-08
1066,Hold,2018-06-08
1067,Hold,2018-06-08
1068,Hold,2018-06-11
1069,Hold,2018-06-11
1070,Hold,2018-06-11
1071,Hold,2018-06-11
1072,Hold,2018-06-11
1073,Hold,2018-06-11
1074,Hold,2018-06-11
1075,Hold,2018-06-11
1076,Hold,2018-06-11
1077,Hold,2018-06-11
1078,Hold,2018-06-12
1079,Hold,2018-06-12
1080,Hold,2018-06-12
1081,Hold,2018-06-12
1082,Hold,2018-06-12
1083,Hold,2018-06-12
1084,Hold,2018-06-12
1085,Hold,2018-06-12
1086,Hold,2018-06-12
1087,Hold,2018-06-12
1088,Hold,2018-06-13
1089,Hold,2018-06-13
1090,Hold,2018-06-13
1091,Hold,2018-06-13
1092,Hold,2018-06-13
1093,Hold,2018-06-13
1094,Hold,2018-06-13
1095,Hold,2018-06-13
1096,Hold,2018-06-13
1097,Hold,2018-06-13
1098,Hold,2018-06-14
1099,Hold,2018-06-14
1100,Hold,2018-06-14
1101,Hold,2018-06-14
1102,Hold,2018-06-14
1103,Hold,2018-06-14
1104,Hold,2018-06-14
1105,Hold,2018-06-14
1106,Hold,2018-06-14
1107,Hold,2018-06-14
1108,Hold,2018-06-15
1109,Hold,2018-06-15
1110,Hold,2018-06-15
1111,Hold,2018-06-15
1112,Hold,2018-06-15
1113,Hold,2018-06-15
1114,Hold,2018-06-15
1115,Hold,2018-06-15
1116,Hold,2018-06-18
1117,Hold,2018-06-18
1118,Hold,2018-06-18
1119,Hold,2018-06-18
1120,Hold,2018-06-18
1121,Hold,2018-06-18
1122,Hold,2018-06-18
1123,Hold,2018-06-18
1124,Hold,2018-06-18
1125,Hold,2018-06-18
1126,Hold,2018-06-19
1127,Hold,2018-06-19
1128,Hold,2018-06-19
1129,Hold,2018-06-19
1130,Hold,2018-06-19
1131,Hold,2018-06-19
1132,Hold,2018-06-19
1133,Hold,2018-06-19
1134,Hold,2018-06-19
1135,Hold,2018-06-19
1136,Hold,2018-06-20
1137,Hold,2018-06-20
1138,Hold,2018-06-20
1139,Hold,2018-06-20
1140,Hold,2018-06-20
1141,Hold,2018-06-20
1142,Hold,2018-06-20
1143,Hold,2018-06-20
1144,Hold,2018-06-20
1145,Sell,2018-06-21
1146,Sell,2018-06-21
1147,Sell,2018-06-21
1148,Sell,2018-06-21
1149,Sell,2018-06-21
1150,Sell,2018-06-21
1151,Sell,2018-06-21
1152,Sell,2018-06-21
1153,Sell,2018-06-21
1154,Sell,2018-06-21
1155,Sell,2018-06-22
1156,Sell,2018-06-22
1157,Sell,2018-06-22
1158,Sell,2018-06-22
1159,Sell,2018-06-22
1160,Sell,2018-06-22
1161,Sell,2018-06-22
1162,Sell,2018-06-22
1163,Sell,2018-06-22
1164,Hold,2018-06-25
1165,Hold,2018-06-25
1166,Hold,2018-06-25
1167,Hold,2018-06-25
1168,Hold,2018-06-25
1169,Hold,2018-06-25
1170,Hold,2018-06-25
1171,Hold,2018-06-25
1172,Hold,2018-06-25
1173,Hold,2018-06-25
1174,Sell,2018-06-26
1175,Sell,2018-06-26
1176,Sell,2018-06-26
1177,Sell,2018-06-26
1178,Sell,2018-06-26
1179,Sell,2018-06-26
1180,Sell,2018-06-26
1181,Sell,2018-06-26
1182,Sell,2018-06-26
1183,Sell,2018-06-26
1184,Hold,2018-06-27
1185,Hold,2018-06-27
1186,Hold,2018-06-27
1187,Hold,2018-06-27
1188,Hold,2018-06-27
1189,Hold,2018-06-27
1190,Hold,2018-06-27
1191,Hold,2018-06-27
1192,Hold,2018-06-27
1193,Hold,2018-06-27
1194,Hold,2018-06-28
1195,Hold,2018-06-28
1196,Hold,2018-06-28
1197,Hold,2018-06-28
1198,Hold,2018-06-28
1199,Hold,2018-06-28
1200,Hold,2018-06-28
1201,Hold,2018-06-28
1202,Hold,2018-06-28
1203,Hold,2018-06-28
1204,Hold,2018-06-29
1205,Hold,2018-06-29
1206,Hold,2018-06-29
1207,Hold,2018-06-29
1208,Hold,2018-06-29
1209,Hold,2018-06-29
1210,Hold,2018-06-29
1211,Hold,2018-06-29
1212,Hold,2018-06-29
1213,Sell,2019-01-02
1214,Sell,2019-01-02
1215,Sell,2019-01-02
1216,Sell,2019-01-02
1217,Sell,2019-01-02
1218,Sell,2019-01-02
1219,Sell,2019-01-02
1220,Sell,2019-01-02
1221,Sell,2019-01-02
1222,Sell,2019-01-02
1223,Buy,2019-01-03
1224,Buy,2019-01-03
1225,Buy,2019-01-03
1226,Buy,2019-01-03
1227,Buy,2019-01-03
1228,Buy,2019-01-03
1229,Buy,2019-01-03
1230,Buy,2019-01-03
1231,Buy,2019-01-03
1232,Buy,2019-01-03
1233,Buy,2019-01-04
1234,Buy,2019-01-04
1235,Buy,2019-01-04
1236,Buy,2019-01-04
1237,Buy,2019-01-04
1238,Buy,2019-01-04
1239,Buy,2019-01-04
1240,Buy,2019-01-04
1241,Buy,2019-01-04
1242,Buy,2019-01-04
1243,Buy,2019-01-07
1244,Buy,2019-01-07
1245,Buy,2019-01-07
1246,Buy,2019-01-07
1247,Buy,2019-01-07
1248,Buy,2019-01-07
1249,Buy,2019-01-07
1250,Buy,2019-01-07
1251,Buy,2019-01-07
1252,Buy,2019-01-07
1253,Hold,2019-01-08
1254,Hold,2019-01-08
1255,Hold,2019-01-08
1256,Hold,2019-01-08
1257,Hold,2019-01-08
1258,Hold,2019-01-08
1259,Hold,2019-01-08
1260,Hold,2019-01-08
1261,Hold,2019-01-08
1262,Hold,2019-01-08
1263,Hold,2019-01-09
1264,Hold,2019-01-09
1265,Hold,2019-01-09
1266,Hold,2019-01-09
1267,Hold,2019-01-09
1268,Hold,2019-01-09
1269,Hold,2019-01-09
1270,Hold,2019-01-09
1271,Hold,2019-01-09
1272,Hold,2019-01-10
1273,Hold,2019-01-10
1274,Hold,2019-01-10
1275,Hold,2019-01-10
1276,Hold,2019-01-10
1277,Hold,2019-01-10
1278,Hold,2019-01-10
1279,Hold,2019-01-10
1280,Hold,2019-01-10
1281,Hold,2019-01-10
1282,Sell,2019-01-11
1283,Sell,2019-01-11
1284,Sell,2019-01-11
1285,Sell,2019-01-11
1286,Sell,2019-01-11
1287,Sell,2019-01-11
1288,Sell,2019-01-11
1289,Sell,2019-01-11
1290,Sell,2019-01-11
1291,Sell,2019-01-11
1292,Buy,2019-01-14
1293,Buy,2019-01-14
1294,Buy,2019-01-14
1295,Buy,2019-01-14
1296,Buy,2019-01-14
1297,Buy,2019-01-14
1298,Buy,2019-01-14
1299,Buy,2019-01-14
1300,Buy,2019-01-14
1301,Buy,2019-01-14
1302,Hold,2019-01-15
1303,Hold,2019-01-15
1304,Hold,2019-01-15
1305,Hold,2019-01-15
1306,Hold,2019-01-15
1307,Hold,2019-01-15
1308,Hold,2019-01-15
1309,Hold,2019-01-15
1310,Hold,2019-01-15
1311,Hold,2019-01-16
1312,Hold,2019-01-16
1313,Hold,2019-01-16
1314,Hold,2019-01-16
1315,Hold,2019-01-16
1316,Hold,2019-01-16
1317,Hold,2019-01-16
1318,Hold,2019-01-16
1319,Hold,2019-01-16
1320,Hold,2019-01-16
1321,Hold,2019-01-17
1322,Hold,2019-01-17
1323,Hold,2019-01-17
1324,Hold,2019-01-17
1325,Hold,2019-01-17
1326,Hold,2019-01-17
1327,Hold,2019-01-17
1328,Hold,2019-01-17
1329,Hold,2019-01-17
1330,Hold,2019-01-17
1331,Sell,2019-01-18
1332,Sell,2019-01-18
1333,Sell,2019-01-18
1334,Sell,2019-01-18
1335,Sell,2019-01-18
1336,Sell,2019-01-18
1337,Sell,2019-01-18
1338,Sell,2019-01-18
1339,Sell,2019-01-18
1340,Sell,2019-01-18
1341,Hold,2019-01-22
1342,Hold,2019-01-22
1343,Hold,2019-01-22
1344,Hold,2019-01-22
1345,Hold,2019-01-22
1346,Hold,2019-01-22
1347,Hold,2019-01-22
1348,Hold,2019-01-22
1349,Hold,2019-01-22
1350,Hold,2019-01-22
1351,Buy,2019-01-23
1352,Buy,2019-01-23
1353,Buy,2019-01-23
1354,Buy,2019-01-23
1355,Buy,2019-01-23
1356,Buy,2019-01-23
1357,Buy,2019-01-23
1358,Buy,2019-01-23
1359,Buy,2019-01-23
1360,Buy,2019-01-23
1361,Buy,2019-01-24
1362,Buy,2019-01-24
1363,Buy,2019-01-24
1364,Buy,2019-01-24
1365,Buy,2019-01-24
1366,Buy,2019-01-24
1367,Buy,2019-01-24
1368,Buy,2019-01-24
1369,Buy,2019-01-24
1370,Buy,2019-01-24
1371,Sell,2019-01-25
1372,Sell,2019-01-25
1373,Sell,2019-01-25
1374,Sell,2019-01-25
1375,Sell,2019-01-25
1376,Sell,2019-01-25
1377,Sell,2019-01-25
1378,Sell,2019-01-25
1379,Sell,2019-01-25
1380,Sell,2019-01-25
1381,Sell,2019-01-28
1382,Sell,2019-01-28
1383,Sell,2019-01-28
1384,Sell,2019-01-28
1385,Sell,2019-01-28
1386,Sell,2019-01-28
1387,Sell,2019-01-28
1388,Sell,2019-01-28
1389,Sell,2019-01-28
1390,Sell,2019-01-28
1391,Buy,2019-01-29
1392,Buy,2019-01-29
1393,Buy,2019-01-29
1394,Buy,2019-01-29
1395,Buy,2019-01-29
1396,Buy,2019-01-29
1397,Buy,2019-01-29
1398,Buy,2019-01-29
1399,Buy,2019-01-29
1400,Buy,2019-01-29
1401,Buy,2019-01-30
1402,Buy,2019-01-30
1403,Buy,2019-01-30
1404,Buy,2019-01-30
1405,Buy,2019-01-30
1406,Buy,2019-01-30
1407,Buy,2019-01-30
1408,Buy,2019-01-30
1409,Buy,2019-01-30
1410,Buy,2019-01-30
1411,Hold,2019-01-31
1412,Hold,2019-01-31
1413,Hold,2019-01-31
1414,Hold,2019-01-31
1415,Hold,2019-01-31
1416,Hold,2019-01-31
1417,Hold,2019-01-31
1418,Hold,2019-01-31
1419,Hold,2019-01-31
1420,Hold,2019-01-31
1421,Hold,2019-02-01
1422,Hold,2019-02-01
1423,Hold,2019-02-01
1424,Hold,2019-02-01
1425,Hold,2019-02-01
1426,Hold,2019-02-01
1427,Hold,2019-02-01
1428,Hold,2019-02-01
1429,Hold,2019-02-01
1430,Hold,2019-02-01
1431,Hold,2019-02-04
1432,Hold,2019-02-04
1433,Hold,2019-02-04
1434,Hold,2019-02-04
1435,Hold,2019-02-04
1436,Hold,2019-02-04
1437,Hold,2019-02-04
1438,Hold,2019-02-04
1439,Hold,2019-02-04
1440,Hold,2019-02-04
1441,Buy,2019-02-05
1442,Buy,2019-02-05
1443,Buy,2019-02-05
1444,Buy,2019-02-05
1445,Buy,2019-02-05
1446,Buy,2019-02-05
1447,Buy,2019-02-05
1448,Buy,2019-02-05
1449,Buy,2019-02-05
1450,Buy,2019-02-05
1451,Sell,2019-02-06
1452,Sell,2019-02-06
1453,Sell,2019-02-06
1454,Sell,2019-02-06
1455,Sell,2019-02-06
1456,Sell,2019-02-06
1457,Sell,2019-02-06
1458,Sell,2019-02-06
1459,Sell,2019-02-06
1460,Sell,2019-02-06
1461,Hold,2019-02-07
1462,Hold,2019-02-07
1463,Hold,2019-02-07
1464,Hold,2019-02-07
1465,Hold,2019-02-07
1466,Hold,2019-02-07
1467,Hold,2019-02-07
1468,Hold,2019-02-07
1469,Hold,2019-02-07
1470,Hold,2019-02-07
1471,Hold,2019-02-08
1472,Hold,2019-02-08
1473,Hold,2019-02-08
1474,Hold,2019-02-08
1475,Hold,2019-02-08
1476,Hold,2019-02-08
1477,Hold,2019-02-08
1478,Hold,2019-02-08
1479,Hold,2019-02-08
1480,Hold,2019-02-08
1481,Buy,2019-02-11
1482,Buy,2019-02-11
1483,Buy,2019-02-11
1484,Buy,2019-02-11
1485,Buy,2019-02-11
1486,Buy,2019-02-11
1487,Hold,2019-02-12
1488,Hold,2019-02-12
1489,Hold,2019-02-12
1490,Hold,2019-02-12
1491,Hold,2019-02-12
1492,Hold,2019-02-12
1493,Hold,2019-02-12
1494,Hold,2019-02-12
1495,Hold,2019-02-12
1496,Hold,2019-02-12
1497,Hold,2019-02-13
1498,Hold,2019-02-13
1499,Hold,2019-02-13
1500,Hold,2019-02-13
1501,Hold,2019-02-13
1502,Hold,2019-02-13
1503,Hold,2019-02-13
1504,Hold,2019-02-13
1505,Hold,2019-02-13
1506,Hold,2019-02-13
1507,Buy,2019-02-14
1508,Buy,2019-02-14
1509,Buy,2019-02-14
1510,Buy,2019-02-14
1511,Buy,2019-02-14
1512,Buy,2019-02-14
1513,Buy,2019-02-14
1514,Buy,2019-02-14
1515,Buy,2019-02-14
1516,Buy,2019-02-14
1517,Hold,2019-02-15
1518,Hold,2019-02-15
1519,Hold,2019-02-15
1520,Hold,2019-02-15
1521,Hold,2019-02-15
1522,Hold,2019-02-15
1523,Hold,2019-02-15
1524,Hold,2019-02-15
1525,Hold,2019-02-15
1526,Hold,2019-02-15
1527,Buy,2019-02-19
1528,Buy,2019-02-19
1529,Buy,2019-02-19
1530,Buy,2019-02-19
1531,Buy,2019-02-19
1532,Buy,2019-02-19
1533,Buy,2019-02-19
1534,Buy,2019-02-19
1535,Buy,2019-02-19
1536,Buy,2019-02-19
1537,Hold,2019-02-20
1538,Hold,2019-02-20
1539,Hold,2019-02-20
1540,Hold,2019-02-20
1541,Hold,2019-02-20
1542,Hold,2019-02-20
1543,Hold,2019-02-20
1544,Hold,2019-02-20
1545,Hold,2019-02-20
1546,Hold,2019-02-20
1547,Hold,2019-02-21
1548,Hold,2019-02-21
1549,Hold,2019-02-21
1550,Hold,2019-02-21
1551,Hold,2019-02-21
1552,Hold,2019-02-21
1553,Hold,2019-02-21
1554,Hold,2019-02-21
1555,Hold,2019-02-21
1556,Hold,2019-02-21
1557,Hold,2019-02-22
1558,Hold,2019-02-22
1559,Hold,2019-02-22
1560,Hold,2019-02-22
1561,Hold,2019-02-22
1562,Hold,2019-02-22
1563,Hold,2019-02-22
1564,Hold,2019-02-22
1565,Hold,2019-02-22
1566,Hold,2019-02-22
1567,Hold,2019-02-25
1568,Hold,2019-02-25
1569,Hold,2019-02-25
1570,Hold,2019-02-25
1571,Hold,2019-02-25
1572,Hold,2019-02-25
1573,Hold,2019-02-25
1574,Hold,2019-02-25
1575,Hold,2019-02-25
1576,Hold,2019-02-25
1577,Hold,2019-02-26
1578,Hold,2019-02-26
1579,Hold,2019-02-26
1580,Hold,2019-02-26
1581,Hold,2019-02-26
1582,Hold,2019-02-26
1583,Hold,2019-02-26
1584,Hold,2019-02-26
1585,Hold,2019-02-26
1586,Hold,2019-02-27
1587,Hold,2019-02-27
1588,Hold,2019-02-27
1589,Hold,2019-02-27
1590,Hold,2019-02-27
1591,Hold,2019-02-27
1592,Hold,2019-02-27
1593,Hold,2019-02-27
1594,Hold,2019-02-27
1595,Sell,2019-02-28
1596,Sell,2019-02-28
1597,Sell,2019-02-28
1598,Sell,2019-02-28
1599,Sell,2019-02-28
1600,Sell,2019-02-28
1601,Sell,2019-02-28
1602,Sell,2019-02-28
1603,Sell,2019-02-28
1604,Sell,2019-02-28
1605,Sell,2019-03-01
1606,Sell,2019-03-01
1607,Sell,2019-03-01
1608,Sell,2019-03-01
1609,Sell,2019-03-01
1610,Sell,2019-03-01
1611,Sell,2019-03-01
1612,Sell,2019-03-01
1613,Sell,2019-03-01
1614,Hold,2019-03-04
1615,Hold,2019-03-04
1616,Hold,2019-03-04
1617,Hold,2019-03-04
1618,Hold,2019-03-04
1619,Hold,2019-03-04
1620,Hold,2019-03-04
1621,Hold,2019-03-04
1622,Hold,2019-03-04
1623,Hold,2019-03-04
1624,Sell,2019-03-05
1625,Sell,2019-03-05
1626,Sell,2019-03-05
1627,Sell,2019-03-05
1628,Sell,2019-03-05
1629,Sell,2019-03-05
1630,Sell,2019-03-05
1631,Sell,2019-03-05
1632,Sell,2019-03-05
1633,Sell,2019-03-05
1634,Sell,2019-03-06
1635,Sell,2019-03-06
1636,Sell,2019-03-06
1637,Sell,2019-03-06
1638,Sell,2019-03-06
1639,Sell,2019-03-06
1640,Sell,2019-03-06
1641,Sell,2019-03-06
1642,Sell,2019-03-06
1643,Sell,2019-03-06
1644,Hold,2019-03-07
1645,Hold,2019-03-07
1646,Hold,2019-03-07
1647,Hold,2019-03-07
1648,Hold,2019-03-07
1649,Hold,2019-03-07
1650,Hold,2019-03-07
1651,Hold,2019-03-07
1652,Hold,2019-03-07
1653,Hold,2019-03-07
1654,Buy,2019-03-08
1655,Buy,2019-03-08
1656,Buy,2019-03-08
1657,Buy,2019-03-08
1658,Buy,2019-03-08
1659,Buy,2019-03-08
1660,Buy,2019-03-08
1661,Buy,2019-03-08
1662,Buy,2019-03-08
1663,Buy,2019-03-08
1664,Hold,2019-03-11
1665,Hold,2019-03-11
1666,Hold,2019-03-11
1667,Hold,2019-03-11
1668,Hold,2019-03-11
1669,Hold,2019-03-11
1670,Hold,2019-03-11
1671,Hold,2019-03-11
1672,Hold,2019-03-11
1673,Hold,2019-03-12
1674,Hold,2019-03-12
1675,Hold,2019-03-12
1676,Hold,2019-03-12
1677,Hold,2019-03-12
1678,Hold,2019-03-12
1679,Hold,2019-03-12
1680,Hold,2019-03-12
1681,Hold,2019-03-12
1682,Hold,2019-03-13
1683,Hold,2019-03-13
1684,Hold,2019-03-13
1685,Hold,2019-03-13
1686,Hold,2019-03-13
1687,Hold,2019-03-13
1688,Hold,2019-03-13
1689,Hold,2019-03-13
1690,Hold,2019-03-13
1691,Hold,2019-03-13
1692,Buy,2019-03-14
1693,Buy,2019-03-14
1694,Buy,2019-03-14
1695,Buy,2019-03-14
1696,Buy,2019-03-14
1697,Buy,2019-03-14
1698,Buy,2019-03-14
1699,Buy,2019-03-14
1700,Buy,2019-03-14
1701,Hold,2019-03-15
1702,Hold,2019-03-15
1703,Hold,2019-03-15
1704,Hold,2019-03-15
1705,Hold,2019-03-15
1706,Hold,2019-03-15
1707,Hold,2019-03-15
1708,Hold,2019-03-15
1709,Hold,2019-03-15
1710,Hold,2019-03-15
1711,Hold,2019-03-18
1712,Hold,2019-03-18
1713,Hold,2019-03-18
1714,Hold,2019-03-18
1715,Hold,2019-03-18
1716,Hold,2019-03-18
1717,Hold,2019-03-18
1718,Hold,2019-03-18
1719,Hold,2019-03-18
1720,Hold,2019-03-18
1721,Hold,2019-03-19
1722,Hold,2019-03-19
1723,Hold,2019-03-19
1724,Hold,2019-03-19
1725,Hold,2019-03-19
1726,Hold,2019-03-19
1727,Hold,2019-03-19
1728,Hold,2019-03-19
1729,Hold,2019-03-19
1730,Buy,2019-03-20
1731,Buy,2019-03-20
1732,Buy,2019-03-20
1733,Buy,2019-03-20
1734,Buy,2019-03-20
1735,Buy,2019-03-20
1736,Buy,2019-03-20
1737,Buy,2019-03-20
1738,Buy,2019-03-20
1739,Buy,2019-03-20
1740,Sell,2019-03-21
1741,Sell,2019-03-21
1742,Sell,2019-03-21
1743,Sell,2019-03-21
1744,Sell,2019-03-21
1745,Sell,2019-03-21
1746,Sell,2019-03-21
1747,Sell,2019-03-21
1748,Sell,2019-03-21
1749,Sell,2019-03-21
1750,Hold,2019-03-22
1751,Hold,2019-03-22
1752,Hold,2019-03-22
1753,Hold,2019-03-22
1754,Hold,2019-03-22
1755,Hold,2019-03-22
1756,Hold,2019-03-22
1757,Hold,2019-03-22
1758,Hold,2019-03-22
1759,Hold,2019-03-25
1760,Hold,2019-03-25
1761,Hold,2019-03-25
1762,Hold,2019-03-25
1763,Hold,2019-03-25
1764,Hold,2019-03-25
1765,Hold,2019-03-25
1766,Hold,2019-03-25
1767,Hold,2019-03-25
1768,Hold,2019-03-26
1769,Hold,2019-03-26
1770,Hold,2019-03-26
1771,Hold,2019-03-26
1772,Hold,2019-03-26
1773,Hold,2019-03-26
1774,Hold,2019-03-26
1775,Hold,2019-03-26
1776,Hold,2019-03-26
1777,Hold,2019-03-26
1778,Hold,2019-03-27
1779,Hold,2019-03-27
1780,Hold,2019-03-27
1781,Hold,2019-03-27
1782,Hold,2019-03-27
1783,Hold,2019-03-27
1784,Hold,2019-03-27
1785,Hold,2019-03-27
1786,Hold,2019-03-27
1787,Hold,2019-03-27
1788,Hold,2019-03-28
1789,Hold,2019-03-28
1790,Hold,2019-03-28
1791,Hold,2019-03-28
1792,Hold,2019-03-28
1793,Hold,2019-03-28
1794,Hold,2019-03-28
1795,Hold,2019-03-28
1796,Hold,2019-03-28
1797,Hold,2019-03-28
1798,Buy,2019-03-29
1799,Buy,2019-03-29
1800,Buy,2019-03-29
1801,Buy,2019-03-29
1802,Buy,2019-03-29
1803,Buy,2019-03-29
1804,Buy,2019-03-29
1805,Buy,2019-03-29
1806,Buy,2019-03-29
1807,Hold,2019-04-01
1808,Hold,2019-04-01
1809,Hold,2019-04-01
1810,Hold,2019-04-01
1811,Hold,2019-04-01
1812,Hold,2019-04-01
1813,Hold,2019-04-01
1814,Hold,2019-04-01
1815,Sell,2019-04-01
1816,Hold,2019-04-01
1817,Hold,2019-04-02
1818,Hold,2019-04-02
1819,Hold,2019-04-02
1820,Hold,2019-04-02
1821,Hold,2019-04-02
1822,Hold,2019-04-02
1823,Hold,2019-04-02
1824,Hold,2019-04-02
1825,Hold,2019-04-02
1826,Hold,2019-04-02
1827,Sell,2019-04-03
1828,Sell,2019-04-03
1829,Sell,2019-04-03
1830,Sell,2019-04-03
1831,Sell,2019-04-03
1832,Sell,2019-04-03
1833,Sell,2019-04-03
1834,Sell,2019-04-03
1835,Hold,2019-04-04
1836,Hold,2019-04-04
1837,Hold,2019-04-04
1838,Hold,2019-04-04
1839,Hold,2019-04-04
1840,Hold,2019-04-04
1841,Hold,2019-04-04
1842,Hold,2019-04-04
1843,Hold,2019-04-04
1844,Hold,2019-04-04
1845,Hold,2019-04-05
1846,Hold,2019-04-05
1847,Hold,2019-04-05
1848,Hold,2019-04-05
1849,Hold,2019-04-05
1850,Hold,2019-04-05
1851,Hold,2019-04-05
1852,Hold,2019-04-05
1853,Hold,2019-04-05
1854,Hold,2019-04-05
1855,Hold,2019-04-08
1856,Hold,2019-04-08
1857,Hold,2019-04-08
1858,Hold,2019-04-08
1859,Hold,2019-04-08
1860,Hold,2019-04-08
1861,Hold,2019-04-08
1862,Hold,2019-04-08
1863,Hold,2019-04-08
1864,Hold,2019-04-08
1865,Hold,2019-04-09
1866,Hold,2019-04-09
1867,Hold,2019-04-09
1868,Hold,2019-04-09
1869,Hold,2019-04-09
1870,Hold,2019-04-09
1871,Hold,2019-04-09
1872,Hold,2019-04-09
1873,Hold,2019-04-09
1874,Hold,2019-04-10
1875,Hold,2019-04-10
1876,Hold,2019-04-10
1877,Hold,2019-04-10
1878,Hold,2019-04-10
1879,Hold,2019-04-10
1880,Hold,2019-04-10
1881,Hold,2019-04-10
1882,Hold,2019-04-10
1883,Hold,2019-04-10
1884,Hold,2019-04-11
1885,Hold,2019-04-11
1886,Hold,2019-04-11
1887,Hold,2019-04-11
1888,Hold,2019-04-11
1889,Hold,2019-04-11
1890,Hold,2019-04-11
1891,Hold,2019-04-11
1892,Hold,2019-04-11
1893,Hold,2019-04-11
1894,Hold,2019-04-12
1895,Hold,2019-04-12
1896,Hold,2019-04-12
1897,Hold,2019-04-12
1898,Hold,2019-04-12
1899,Hold,2019-04-12
1900,Hold,2019-04-12
1901,Hold,2019-04-12
1902,Hold,2019-04-12
1903,Hold,2019-04-12
1904,Hold,2019-04-15
1905,Hold,2019-04-15
1906,Hold,2019-04-15
1907,Hold,2019-04-15
1908,Hold,2019-04-15
1909,Hold,2019-04-15
1910,Hold,2019-04-15
1911,Hold,2019-04-15
1912,Hold,2019-04-15
1913,Hold,2019-04-15
1914,Sell,2019-04-16
1915,Sell,2019-04-16
1916,Sell,2019-04-16
1917,Sell,2019-04-16
1918,Sell,2019-04-16
1919,Sell,2019-04-16
1920,Sell,2019-04-16
1921,Sell,2019-04-16
1922,Sell,2019-04-16
1923,Sell,2019-04-16
1924,Hold,2019-04-17
1925,Hold,2019-04-17
1926,Hold,2019-04-17
1927,Hold,2019-04-17
1928,Hold,2019-04-17
1929,Hold,2019-04-17
1930,Hold,2019-04-17
1931,Hold,2019-04-17
1932,Hold,2019-04-17
1933,Hold,2019-04-17
1934,Hold,2019-04-18
1935,Hold,2019-04-18
1936,Hold,2019-04-18
1937,Hold,2019-04-18
1938,Hold,2019-04-18
1939,Hold,2019-04-18
1940,Hold,2019-04-18
1941,Hold,2019-04-18
1942,Hold,2019-04-18
1943,Hold,2019-04-18
1944,Hold,2019-04-22
1945,Hold,2019-04-22
1946,Hold,2019-04-22
1947,Hold,2019-04-22
1948,Hold,2019-04-22
1949,Hold,2019-04-22
1950,Hold,2019-04-22
1951,Hold,2019-04-22
1952,Hold,2019-04-22
1953,Hold,2019-04-23
1954,Hold,2019-04-23
1955,Hold,2019-04-23
1956,Hold,2019-04-23
1957,Hold,2019-04-23
1958,Hold,2019-04-23
1959,Hold,2019-04-23
1960,Hold,2019-04-23
1961,Hold,2019-04-23
1962,Hold,2019-04-23
1963,Sell,2019-04-24
1964,Sell,2019-04-24
1965,Sell,2019-04-24
1966,Sell,2019-04-24
1967,Sell,2019-04-24
1968,Sell,2019-04-24
1969,Sell,2019-04-24
1970,Sell,2019-04-24
1971,Sell,2019-04-24
1972,Sell,2019-04-24
1973,Hold,2019-04-25
1974,Hold,2019-04-25
1975,Hold,2019-04-25
1976,Hold,2019-04-25
1977,Hold,2019-04-25
1978,Hold,2019-04-25
1979,Hold,2019-04-25
1980,Hold,2019-04-25
1981,Hold,2019-04-25
1982,Hold,2019-04-25
1983,Hold,2019-04-26
1984,Hold,2019-04-26
1985,Hold,2019-04-26
1986,Hold,2019-04-26
1987,Hold,2019-04-26
1988,Hold,2019-04-26
1989,Hold,2019-04-26
1990,Hold,2019-04-26
1991,Hold,2019-04-26
1992,Hold,2019-04-26
1993,Hold,2019-04-29
1994,Hold,2019-04-29
1995,Hold,2019-04-29
1996,Hold,2019-04-29
1997,Hold,2019-04-29
1998,Hold,2019-04-29
1999,Hold,2019-04-29
2000,Hold,2019-04-29
2001,Hold,2019-04-29
2002,Hold,2019-04-29
2003,Sell,2019-04-30
2004,Sell,2019-04-30
2005,Sell,2019-04-30
2006,Sell,2019-04-30
2007,Sell,2019-04-30
2008,Sell,2019-04-30
2009,Sell,2019-04-30
2010,Sell,2019-04-30
2011,Sell,2019-04-30
2012,Buy,2019-05-01
2013,Buy,2019-05-01
2014,Buy,2019-05-01
2015,Buy,2019-05-01
2016,Buy,2019-05-01
2017,Buy,2019-05-01
2018,Buy,2019-05-01
2019,Buy,2019-05-01
2020,Buy,2019-05-01
2021,Buy,2019-05-02
2022,Buy,2019-05-02
2023,Buy,2019-05-02
2024,Buy,2019-05-02
2025,Buy,2019-05-02
2026,Buy,2019-05-02
2027,Buy,2019-05-02
2028,Buy,2019-05-02
2029,Buy,2019-05-02
2030,Buy,2019-05-02
2031,Hold,2019-05-03
2032,Hold,2019-05-03
2033,Hold,2019-05-03
2034,Hold,2019-05-03
2035,Hold,2019-05-03
2036,Hold,2019-05-03
2037,Hold,2019-05-03
2038,Hold,2019-05-03
2039,Hold,2019-05-03
2040,Hold,2019-05-03
2041,Sell,2019-05-06
2042,Sell,2019-05-06
2043,Sell,2019-05-06
2044,Sell,2019-05-06
2045,Sell,2019-05-06
2046,Sell,2019-05-06
2047,Sell,2019-05-06
2048,Sell,2019-05-06
2049,Sell,2019-05-06
2050,Buy,2019-05-07
2051,Buy,2019-05-07
2052,Buy,2019-05-07
2053,Buy,2019-05-07
2054,Buy,2019-05-07
2055,Buy,2019-05-07
2056,Buy,2019-05-07
2057,Buy,2019-05-07
2058,Buy,2019-05-07
2059,Sell,2019-05-08
2060,Sell,2019-05-08
2061,Sell,2019-05-08
2062,Sell,2019-05-08
2063,Sell,2019-05-08
2064,Sell,2019-05-08
2065,Sell,2019-05-08
2066,Sell,2019-05-08
2067,Sell,2019-05-08
2068,Hold,2019-05-09
2069,Hold,2019-05-09
2070,Hold,2019-05-09
2071,Hold,2019-05-09
2072,Hold,2019-05-09
2073,Hold,2019-05-09
2074,Hold,2019-05-09
2075,Hold,2019-05-09
2076,Sell,2019-05-10
2077,Sell,2019-05-10
2078,Sell,2019-05-10
2079,Sell,2019-05-10
2080,Sell,2019-05-10
2081,Sell,2019-05-10
2082,Sell,2019-05-10
2083,Sell,2019-05-10
2084,Sell,2019-05-10
2085,Sell,2019-05-10
2086,Hold,2019-05-13
2087,Hold,2019-05-13
2088,Hold,2019-05-13
2089,Hold,2019-05-13
2090,Hold,2019-05-13
2091,Hold,2019-05-13
2092,Hold,2019-05-13
2093,Hold,2019-05-13
2094,Hold,2019-05-13
2095,Hold,2019-05-13
2096,Hold,2019-05-14
2097,Hold,2019-05-14
2098,Hold,2019-05-14
2099,Hold,2019-05-14
2100,Hold,2019-05-14
2101,Hold,2019-05-14
2102,Hold,2019-05-14
2103,Hold,2019-05-14
2104,Hold,2019-05-14
2105,Hold,2019-05-14
2106,Buy,2019-05-15
2107,Buy,2019-05-15
2108,Buy,2019-05-15
2109,Buy,2019-05-15
2110,Buy,2019-05-15
2111,Buy,2019-05-15
2112,Buy,2019-05-15
2113,Buy,2019-05-15
2114,Buy,2019-05-15
2115,Buy,2019-05-15
2116,Sell,2019-05-16
2117,Sell,2019-05-16
2118,Sell,2019-05-16
2119,Sell,2019-05-16
2120,Sell,2019-05-16
2121,Sell,2019-05-16
2122,Sell,2019-05-16
2123,Sell,2019-05-16
2124,Sell,2019-05-16
2125,Sell,2019-05-17
2126,Sell,2019-05-17
2127,Sell,2019-05-17
2128,Sell,2019-05-17
2129,Sell,2019-05-17
2130,Sell,2019-05-17
2131,Sell,2019-05-17
2132,Sell,2019-05-17
2133,Sell,2019-05-17
2134,Hold,2019-05-20
2135,Hold,2019-05-20
2136,Hold,2019-05-20
2137,Hold,2019-05-20
2138,Hold,2019-05-20
2139,Hold,2019-05-20
2140,Hold,2019-05-20
2141,Hold,2019-05-20
2142,Hold,2019-05-20
2143,Hold,2019-05-20
2144,Hold,2019-05-21
2145,Hold,2019-05-21
2146,Hold,2019-05-21
2147,Hold,2019-05-21
2148,Hold,2019-05-21
2149,Hold,2019-05-21
2150,Hold,2019-05-21
2151,Hold,2019-05-21
2152,Hold,2019-05-21
2153,Sell,2019-05-22
2154,Sell,2019-05-22
2155,Sell,2019-05-22
2156,Sell,2019-05-22
2157,Sell,2019-05-22
2158,Sell,2019-05-22
2159,Sell,2019-05-22
2160,Sell,2019-05-22
2161,Sell,2019-05-22
2162,Sell,2019-05-22
2163,Hold,2019-05-23
2164,Hold,2019-05-23
2165,Hold,2019-05-23
2166,Hold,2019-05-23
2167,Hold,2019-05-23
2168,Hold,2019-05-23
2169,Hold,2019-05-23
2170,Hold,2019-05-23
2171,Hold,2019-05-23
2172,Hold,2019-05-23
2173,Sell,2019-05-24
2174,Sell,2019-05-24
2175,Sell,2019-05-24
2176,Sell,2019-05-24
2177,Sell,2019-05-24
2178,Sell,2019-05-24
2179,Sell,2019-05-24
2180,Sell,2019-05-24
2181,Sell,2019-05-28
2182,Sell,2019-05-28
2183,Sell,2019-05-28
2184,Sell,2019-05-28
2185,Sell,2019-05-28
2186,Sell,2019-05-28
2187,Sell,2019-05-28
2188,Sell,2019-05-28
2189,Sell,2019-05-28
2190,Sell,2019-05-28
2191,Hold,2019-05-29
2192,Hold,2019-05-29
2193,Hold,2019-05-29
2194,Hold,2019-05-29
2195,Hold,2019-05-29
2196,Hold,2019-05-29
2197,Hold,2019-05-29
2198,Hold,2019-05-29
2199,Hold,2019-05-29
2200,Sell,2019-05-30
2201,Sell,2019-05-30
2202,Sell,2019-05-30
2203,Sell,2019-05-30
2204,Sell,2019-05-30
2205,Sell,2019-05-30
2206,Sell,2019-05-30
2207,Sell,2019-05-30
2208,Sell,2019-05-30
2209,Sell,2019-05-30
2210,Sell,2019-05-31
2211,Sell,2019-05-31
2212,Sell,2019-05-31
2213,Sell,2019-05-31
2214,Sell,2019-05-31
2215,Sell,2019-05-31
2216,Sell,2019-05-31
2217,Sell,2019-05-31
2218,Sell,2019-05-31
2219,Sell,2019-05-31
2220,Buy,2019-06-03
2221,Buy,2019-06-03
2222,Buy,2019-06-03
2223,Buy,2019-06-03
2224,Buy,2019-06-03
2225,Buy,2019-06-03
2226,Buy,2019-06-03
2227,Buy,2019-06-03
2228,Buy,2019-06-03
2229,Buy,2019-06-03
2230,Buy,2019-06-04
2231,Buy,2019-06-04
2232,Buy,2019-06-04
2233,Buy,2019-06-04
2234,Buy,2019-06-04
2235,Buy,2019-06-04
2236,Buy,2019-06-04
2237,Buy,2019-06-04
2238,Buy,2019-06-04
2239,Hold,2019-06-05
2240,Hold,2019-06-05
2241,Hold,2019-06-05
2242,Hold,2019-06-05
2243,Hold,2019-06-05
2244,Hold,2019-06-05
2245,Hold,2019-06-05
2246,Hold,2019-06-05
2247,Hold,2019-06-05
2248,Hold,2019-06-05
2249,Hold,2019-06-06
2250,Hold,2019-06-06
2251,Hold,2019-06-06
2252,Hold,2019-06-06
2253,Hold,2019-06-06
2254,Hold,2019-06-06
2255,Hold,2019-06-06
2256,Hold,2019-06-06
2257,Hold,2019-06-06
2258,Hold,2019-06-06
2259,Buy,2019-06-07
2260,Buy,2019-06-07
2261,Buy,2019-06-07
2262,Buy,2019-06-07
2263,Buy,2019-06-07
2264,Buy,2019-06-07
2265,Buy,2019-06-07
2266,Buy,2019-06-07
2267,Buy,2019-06-07
2268,Sell,2019-06-10
2269,Sell,2019-06-10
2270,Sell,2019-06-10
2271,Sell,2019-06-10
2272,Sell,2019-06-10
2273,Sell,2019-06-10
2274,Sell,2019-06-10
2275,Sell,2019-06-10
2276,Sell,2019-06-10
2277,Sell,2019-06-10
2278,Sell,2019-06-11
2279,Sell,2019-06-11
2280,Sell,2019-06-11
2281,Sell,2019-06-11
2282,Sell,2019-06-11
2283,Sell,2019-06-11
2284,Sell,2019-06-11
2285,Sell,2019-06-11
2286,Sell,2019-06-11
2287,Sell,2019-06-11
2288,Hold,2019-06-12
2289,Hold,2019-06-12
2290,Hold,2019-06-12
2291,Hold,2019-06-12
2292,Hold,2019-06-12
2293,Hold,2019-06-12
2294,Hold,2019-06-12
2295,Hold,2019-06-12
2296,Hold,2019-06-12
2297,Hold,2019-06-12
2298,Hold,2019-06-13
2299,Hold,2019-06-13
2300,Hold,2019-06-13
2301,Hold,2019-06-13
2302,Hold,2019-06-13
2303,Hold,2019-06-13
2304,Hold,2019-06-13
2305,Hold,2019-06-13
2306,Hold,2019-06-13
2307,Hold,2019-06-13
2308,Hold,2019-06-14
2309,Hold,2019-06-14
2310,Hold,2019-06-14
2311,Hold,2019-06-14
2312,Hold,2019-06-14
2313,Hold,2019-06-14
2314,Hold,2019-06-14
2315,Hold,2019-06-14
2316,Hold,2019-06-14
2317,Hold,2019-06-14
2318,Buy,2019-06-17
2319,Buy,2019-06-17
2320,Buy,2019-06-17
2321,Buy,2019-06-17
2322,Buy,2019-06-17
2323,Buy,2019-06-17
2324,Buy,2019-06-17
2325,Buy,2019-06-17
2326,Buy,2019-06-17
2327,Buy,2019-06-17
2328,Hold,2019-06-18
2329,Hold,2019-06-18
2330,Hold,2019-06-18
2331,Hold,2019-06-18
2332,Hold,2019-06-18
2333,Hold,2019-06-18
2334,Hold,2019-06-18
2335,Hold,2019-06-18
2336,Hold,2019-06-18
2337,Hold,2019-06-18
2338,Hold,2019-06-19
2339,Hold,2019-06-19
2340,Hold,2019-06-19
2341,Hold,2019-06-19
2342,Hold,2019-06-19
2343,Hold,2019-06-19
2344,Hold,2019-06-19
2345,Hold,2019-06-19
2346,Hold,2019-06-19
2347,Sell,2019-06-20
2348,Sell,2019-06-20
2349,Sell,2019-06-20
2350,Sell,2019-06-20
2351,Sell,2019-06-20
2352,Sell,2019-06-20
2353,Sell,2019-06-20
2354,Sell,2019-06-20
2355,Sell,2019-06-20
2356,Sell,2019-06-20
2357,Sell,2019-06-21
2358,Sell,2019-06-21
2359,Sell,2019-06-21
2360,Sell,2019-06-21
2361,Sell,2019-06-21
2362,Sell,2019-06-21
2363,Sell,2019-06-21
2364,Sell,2019-06-21
2365,Sell,2019-06-21
2366,Sell,2019-06-21
2367,Hold,2019-06-24
2368,Hold,2019-06-24
2369,Hold,2019-06-24
2370,Hold,2019-06-24
2371,Hold,2019-06-24
2372,Hold,2019-06-24
2373,Hold,2019-06-24
2374,Hold,2019-06-24
2375,Hold,2019-06-24
2376,Hold,2019-06-24
2377,Buy,2019-06-25
2378,Buy,2019-06-25
2379,Buy,2019-06-25
2380,Buy,2019-06-25
2381,Buy,2019-06-25
2382,Buy,2019-06-25
2383,Buy,2019-06-25
2384,Buy,2019-06-25
2385,Buy,2019-06-25
2386,Buy,2019-06-25
2387,Buy,2019-06-26
2388,Buy,2019-06-26
2389,Buy,2019-06-26
2390,Buy,2019-06-26
2391,Buy,2019-06-26
2392,Buy,2019-06-26
2393,Hold,2019-06-26
2394,Buy,2019-06-26
2395,Buy,2019-06-26
2396,Buy,2019-06-27
2397,Buy,2019-06-27
2398,Buy,2019-06-27
2399,Buy,2019-06-27
2400,Buy,2019-06-27
2401,Buy,2019-06-27
2402,Buy,2019-06-27
2403,Buy,2019-06-27
2404,Buy,2019-06-27
2405,Buy,2019-06-27
2406,Buy,2019-06-28
2407,Buy,2019-06-28
2408,Buy,2019-06-28
2409,Buy,2019-06-28
2410,Buy,2019-06-28
2411,Buy,2019-06-28
2412,Buy,2019-06-28
2413,Buy,2019-06-28
2414,Buy,2019-06-28
2415,Buy,2019-06-28
2416,Hold,2018-07-02
2417,Hold,2018-07-02
2418,Hold,2018-07-02
2419,Hold,2018-07-02
2420,Hold,2018-07-02
2421,Hold,2018-07-02
2422,Hold,2018-07-02
2423,Hold,2018-07-02
2424,Hold,2018-07-02
2425,Hold,2018-07-02
2426,Hold,2018-07-03
2427,Hold,2018-07-03
2428,Hold,2018-07-03
2429,Hold,2018-07-03
2430,Hold,2018-07-03
2431,Hold,2018-07-03
2432,Hold,2018-07-03
2433,Hold,2018-07-03
2434,Hold,2018-07-03
2435,Hold,2018-07-03
2436,Hold,2018-07-05
2437,Hold,2018-07-05
2438,Hold,2018-07-05
2439,Hold,2018-07-05
2440,Hold,2018-07-05
2441,Hold,2018-07-05
2442,Hold,2018-07-05
2443,Hold,2018-07-05
2444,Hold,2018-07-05
2445,Hold,2018-07-05
2446,Hold,2018-07-06
2447,Hold,2018-07-06
2448,Hold,2018-07-06
2449,Hold,2018-07-06
2450,Hold,2018-07-06
2451,Hold,2018-07-06
2452,Hold,2018-07-06
2453,Hold,2018-07-06
2454,Hold,2018-07-06
2455,Hold,2018-07-06
2456,Hold,2018-07-09
2457,Hold,2018-07-09
2458,Hold,2018-07-09
2459,Hold,2018-07-09
2460,Hold,2018-07-09
2461,Hold,2018-07-09
2462,Hold,2018-07-09
2463,Hold,2018-07-09
2464,Hold,2018-07-09
2465,Hold,2018-07-09
2466,Buy,2018-07-10
2467,Buy,2018-07-10
2468,Buy,2018-07-10
2469,Buy,2018-07-10
2470,Buy,2018-07-10
2471,Buy,2018-07-10
2472,Buy,2018-07-10
2473,Buy,2018-07-10
2474,Buy,2018-07-10
2475,Buy,2018-07-10
2476,Hold,2018-07-11
2477,Hold,2018-07-11
2478,Hold,2018-07-11
2479,Hold,2018-07-11
2480,Hold,2018-07-11
2481,Hold,2018-07-11
2482,Hold,2018-07-11
2483,Hold,2018-07-11
2484,Hold,2018-07-11
2485,Hold,2018-07-12
2486,Hold,2018-07-12
2487,Hold,2018-07-12
2488,Hold,2018-07-12
2489,Hold,2018-07-12
2490,Hold,2018-07-12
2491,Hold,2018-07-12
2492,Hold,2018-07-12
2493,Hold,2018-07-12
2494,Hold,2018-07-12
2495,Hold,2018-07-13
2496,Hold,2018-07-13
2497,Hold,2018-07-13
2498,Hold,2018-07-13
2499,Hold,2018-07-13
2500,Hold,2018-07-13
2501,Hold,2018-07-13
2502,Hold,2018-07-13
2503,Hold,2018-07-13
2504,Hold,2018-07-16
2505,Hold,2018-07-16
2506,Hold,2018-07-16
2507,Hold,2018-07-16
2508,Hold,2018-07-16
2509,Hold,2018-07-16
2510,Hold,2018-07-16
2511,Hold,2018-07-16
2512,Hold,2018-07-16
2513,Hold,2018-07-16
2514,Hold,2018-07-17
2515,Hold,2018-07-17
2516,Hold,2018-07-17
2517,Hold,2018-07-17
2518,Hold,2018-07-17
2519,Hold,2018-07-17
2520,Hold,2018-07-17
2521,Hold,2018-07-17
2522,Hold,2018-07-17
2523,Hold,2018-07-17
2524,Hold,2018-07-18
2525,Hold,2018-07-18
2526,Hold,2018-07-18
2527,Hold,2018-07-18
2528,Hold,2018-07-18
2529,Hold,2018-07-18
2530,Hold,2018-07-18
2531,Hold,2018-07-18
2532,Hold,2018-07-18
2533,Hold,2018-07-18
2534,Hold,2018-07-19
2535,Hold,2018-07-19
2536,Hold,2018-07-19
2537,Hold,2018-07-19
2538,Hold,2018-07-19
2539,Hold,2018-07-19
2540,Hold,2018-07-19
2541,Hold,2018-07-19
2542,Hold,2018-07-19
2543,Hold,2018-07-19
2544,Hold,2018-07-20
2545,Hold,2018-07-20
2546,Hold,2018-07-20
2547,Hold,2018-07-20
2548,Hold,2018-07-20
2549,Hold,2018-07-20
2550,Hold,2018-07-20
2551,Hold,2018-07-20
2552,Hold,2018-07-20
2553,Buy,2018-07-23
2554,Buy,2018-07-23
2555,Buy,2018-07-23
2556,Buy,2018-07-23
2557,Buy,2018-07-23
2558,Buy,2018-07-23
2559,Buy,2018-07-23
2560,Buy,2018-07-23
2561,Buy,2018-07-23
2562,Buy,2018-07-23
2563,Buy,2018-07-24
2564,Buy,2018-07-24
2565,Buy,2018-07-24
2566,Buy,2018-07-24
2567,Buy,2018-07-24
2568,Buy,2018-07-24
2569,Buy,2018-07-24
2570,Buy,2018-07-24
2571,Hold,2018-07-25
2572,Hold,2018-07-25
2573,Hold,2018-07-25
2574,Hold,2018-07-25
2575,Hold,2018-07-25
2576,Hold,2018-07-25
2577,Hold,2018-07-25
2578,Hold,2018-07-25
2579,Hold,2018-07-25
2580,Hold,2018-07-25
2581,Sell,2018-07-26
2582,Sell,2018-07-26
2583,Sell,2018-07-26
2584,Sell,2018-07-26
2585,Sell,2018-07-26
2586,Sell,2018-07-26
2587,Sell,2018-07-26
2588,Sell,2018-07-26
2589,Sell,2018-07-26
2590,Sell,2018-07-26
2591,Sell,2018-07-27
2592,Sell,2018-07-27
2593,Sell,2018-07-27
2594,Sell,2018-07-27
2595,Sell,2018-07-27
2596,Sell,2018-07-27
2597,Sell,2018-07-27
2598,Sell,2018-07-27
2599,Sell,2018-07-27
2600,Sell,2018-07-27
2601,Hold,2018-07-30
2602,Hold,2018-07-30
2603,Hold,2018-07-30
2604,Hold,2018-07-30
2605,Hold,2018-07-30
2606,Hold,2018-07-30
2607,Hold,2018-07-30
2608,Hold,2018-07-30
2609,Hold,2018-07-30
2610,Buy,2018-07-31
2611,Buy,2018-07-31
2612,Buy,2018-07-31
2613,Buy,2018-07-31
2614,Buy,2018-07-31
2615,Buy,2018-07-31
2616,Buy,2018-07-31
2617,Buy,2018-07-31
2618,Buy,2018-07-31
2619,Buy,2018-07-31
2620,Buy,2018-08-01
2621,Buy,2018-08-01
2622,Buy,2018-08-01
2623,Buy,2018-08-01
2624,Buy,2018-08-01
2625,Buy,2018-08-01
2626,Buy,2018-08-01
2627,Buy,2018-08-01
2628,Buy,2018-08-01
2629,Buy,2018-08-01
2630,Sell,2018-08-02
2631,Sell,2018-08-02
2632,Sell,2018-08-02
2633,Sell,2018-08-02
2634,Sell,2018-08-02
2635,Sell,2018-08-02
2636,Sell,2018-08-02
2637,Sell,2018-08-02
2638,Sell,2018-08-02
2639,Sell,2018-08-02
2640,Hold,2018-08-03
2641,Hold,2018-08-03
2642,Hold,2018-08-03
2643,Hold,2018-08-03
2644,Hold,2018-08-03
2645,Hold,2018-08-03
2646,Hold,2018-08-03
2647,Hold,2018-08-03
2648,Hold,2018-08-03
2649,Hold,2018-08-03
2650,Hold,2018-08-06
2651,Hold,2018-08-06
2652,Hold,2018-08-06
2653,Hold,2018-08-06
2654,Hold,2018-08-06
2655,Hold,2018-08-06
2656,Hold,2018-08-06
2657,Hold,2018-08-06
2658,Hold,2018-08-06
2659,Hold,2018-08-06
2660,Hold,2018-08-07
2661,Hold,2018-08-07
2662,Hold,2018-08-07
2663,Hold,2018-08-07
2664,Hold,2018-08-07
2665,Hold,2018-08-07
2666,Hold,2018-08-07
2667,Hold,2018-08-07
2668,Hold,2018-08-07
2669,Hold,2018-08-07
2670,Hold,2018-08-08
2671,Hold,2018-08-08
2672,Hold,2018-08-08
2673,Hold,2018-08-08
2674,Hold,2018-08-08
2675,Hold,2018-08-08
2676,Hold,2018-08-08
2677,Hold,2018-08-08
2678,Hold,2018-08-08
2679,Hold,2018-08-08
2680,Sell,2018-08-09
2681,Sell,2018-08-09
2682,Sell,2018-08-09
2683,Sell,2018-08-09
2684,Sell,2018-08-09
2685,Sell,2018-08-09
2686,Sell,2018-08-09
2687,Sell,2018-08-09
2688,Sell,2018-08-09
2689,Sell,2018-08-09
2690,Hold,2018-08-10
2691,Hold,2018-08-10
2692,Hold,2018-08-10
2693,Hold,2018-08-10
2694,Hold,2018-08-10
2695,Hold,2018-08-10
2696,Hold,2018-08-10
2697,Hold,2018-08-10
2698,Hold,2018-08-10
2699,Hold,2018-08-10
2700,Buy,2018-08-13
2701,Buy,2018-08-13
2702,Buy,2018-08-13
2703,Buy,2018-08-13
2704,Buy,2018-08-13
2705,Buy,2018-08-13
2706,Buy,2018-08-13
2707,Buy,2018-08-13
2708,Buy,2018-08-13
2709,Buy,2018-08-13
2710,Hold,2018-08-14
2711,Hold,2018-08-14
2712,Hold,2018-08-14
2713,Hold,2018-08-14
2714,Hold,2018-08-14
2715,Hold,2018-08-14
2716,Hold,2018-08-14
2717,Hold,2018-08-14
2718,Hold,2018-08-14
2719,Hold,2018-08-14
2720,Hold,2018-08-15
2721,Hold,2018-08-15
2722,Hold,2018-08-15
2723,Hold,2018-08-15
2724,Hold,2018-08-15
2725,Hold,2018-08-15
2726,Hold,2018-08-15
2727,Hold,2018-08-15
2728,Hold,2018-08-15
2729,Hold,2018-08-15
2730,Hold,2018-08-16
2731,Hold,2018-08-16
2732,Hold,2018-08-16
2733,Hold,2018-08-16
2734,Hold,2018-08-16
2735,Hold,2018-08-16
2736,Hold,2018-08-16
2737,Hold,2018-08-16
2738,Hold,2018-08-16
2739,Hold,2018-08-16
2740,Hold,2018-08-17
2741,Hold,2018-08-17
2742,Hold,2018-08-17
2743,Hold,2018-08-17
2744,Hold,2018-08-17
2745,Hold,2018-08-17
2746,Hold,2018-08-17
2747,Hold,2018-08-17
2748,Hold,2018-08-17
2749,Hold,2018-08-20
2750,Hold,2018-08-20
2751,Hold,2018-08-20
2752,Hold,2018-08-20
2753,Hold,2018-08-20
2754,Hold,2018-08-20
2755,Hold,2018-08-20
2756,Hold,2018-08-20
2757,Hold,2018-08-20
2758,Hold,2018-08-20
2759,Hold,2018-08-21
2760,Hold,2018-08-21
2761,Hold,2018-08-21
2762,Hold,2018-08-21
2763,Hold,2018-08-21
2764,Hold,2018-08-21
2765,Hold,2018-08-21
2766,Hold,2018-08-21
2767,Hold,2018-08-21
2768,Hold,2018-08-21
2769,Hold,2018-08-22
2770,Hold,2018-08-22
2771,Hold,2018-08-22
2772,Hold,2018-08-22
2773,Hold,2018-08-22
2774,Hold,2018-08-22
2775,Hold,2018-08-22
2776,Hold,2018-08-22
2777,Hold,2018-08-22
2778,Hold,2018-08-22
2779,Hold,2018-08-23
2780,Hold,2018-08-23
2781,Hold,2018-08-23
2782,Hold,2018-08-23
2783,Hold,2018-08-23
2784,Hold,2018-08-23
2785,Hold,2018-08-23
2786,Hold,2018-08-23
2787,Hold,2018-08-23
2788,Hold,2018-08-23
2789,Hold,2018-08-24
2790,Hold,2018-08-24
2791,Hold,2018-08-24
2792,Hold,2018-08-24
2793,Hold,2018-08-24
2794,Hold,2018-08-24
2795,Hold,2018-08-24
2796,Hold,2018-08-24
2797,Hold,2018-08-24
2798,Hold,2018-08-24
2799,Hold,2018-08-27
2800,Hold,2018-08-27
2801,Hold,2018-08-27
2802,Hold,2018-08-27
2803,Hold,2018-08-27
2804,Hold,2018-08-27
2805,Hold,2018-08-27
2806,Hold,2018-08-27
2807,Hold,2018-08-27
2808,Hold,2018-08-27
2809,Hold,2018-08-28
2810,Hold,2018-08-28
2811,Hold,2018-08-28
2812,Hold,2018-08-28
2813,Hold,2018-08-28
2814,Hold,2018-08-28
2815,Hold,2018-08-28
2816,Hold,2018-08-28
2817,Hold,2018-08-28
2818,Hold,2018-08-28
2819,Hold,2018-08-29
2820,Hold,2018-08-29
2821,Hold,2018-08-29
2822,Hold,2018-08-29
2823,Hold,2018-08-29
2824,Hold,2018-08-29
2825,Hold,2018-08-29
2826,Hold,2018-08-29
2827,Hold,2018-08-29
2828,Hold,2018-08-29
2829,Hold,2018-08-30
2830,Hold,2018-08-30
2831,Hold,2018-08-30
2832,Hold,2018-08-30
2833,Hold,2018-08-30
2834,Hold,2018-08-30
2835,Hold,2018-08-30
2836,Hold,2018-08-30
2837,Hold,2018-08-30
2838,Hold,2018-08-31
2839,Hold,2018-08-31
2840,Hold,2018-08-31
2841,Hold,2018-08-31
2842,Hold,2018-08-31
2843,Hold,2018-08-31
2844,Hold,2018-08-31
2845,Hold,2018-08-31
2846,Hold,2018-08-31
2847,Hold,2018-08-31
2848,Sell,2018-09-04
2849,Sell,2018-09-04
2850,Sell,2018-09-04
2851,Sell,2018-09-04
2852,Sell,2018-09-04
2853,Sell,2018-09-04
2854,Sell,2018-09-04
2855,Sell,2018-09-04
2856,Sell,2018-09-04
2857,Hold,2018-09-05
2858,Hold,2018-09-05
2859,Hold,2018-09-05
2860,Hold,2018-09-05
2861,Hold,2018-09-05
2862,Hold,2018-09-05
2863,Hold,2018-09-05
2864,Hold,2018-09-05
2865,Hold,2018-09-05
2866,Hold,2018-09-05
2867,Hold,2018-09-06
2868,Hold,2018-09-06
2869,Hold,2018-09-06
2870,Hold,2018-09-06
2871,Hold,2018-09-06
2872,Hold,2018-09-06
2873,Hold,2018-09-06
2874,Hold,2018-09-06
2875,Hold,2018-09-06
2876,Hold,2018-09-06
2877,Hold,2018-09-07
2878,Hold,2018-09-07
2879,Hold,2018-09-07
2880,Hold,2018-09-07
2881,Hold,2018-09-07
2882,Hold,2018-09-07
2883,Hold,2018-09-07
2884,Hold,2018-09-07
2885,Hold,2018-09-07
2886,Hold,2018-09-07
2887,Hold,2018-09-10
2888,Hold,2018-09-10
2889,Hold,2018-09-10
2890,Hold,2018-09-10
2891,Hold,2018-09-10
2892,Hold,2018-09-10
2893,Hold,2018-09-10
2894,Hold,2018-09-10
2895,Hold,2018-09-10
2896,Hold,2018-09-10
2897,Sell,2018-09-11
2898,Sell,2018-09-11
2899,Sell,2018-09-11
2900,Sell,2018-09-11
2901,Sell,2018-09-11
2902,Sell,2018-09-11
2903,Sell,2018-09-11
2904,Sell,2018-09-11
2905,Sell,2018-09-11
2906,Sell,2018-09-11
2907,Hold,2018-09-12
2908,Hold,2018-09-12
2909,Hold,2018-09-12
2910,Hold,2018-09-12
2911,Hold,2018-09-12
2912,Hold,2018-09-12
2913,Hold,2018-09-12
2914,Hold,2018-09-13
2915,Hold,2018-09-13
2916,Hold,2018-09-13
2917,Hold,2018-09-13
2918,Hold,2018-09-13
2919,Hold,2018-09-13
2920,Hold,2018-09-13
2921,Hold,2018-09-13
2922,Hold,2018-09-13
2923,Hold,2018-09-13
2924,Sell,2018-09-14
2925,Sell,2018-09-14
2926,Sell,2018-09-14
2927,Sell,2018-09-14
2928,Sell,2018-09-14
2929,Sell,2018-09-14
2930,Sell,2018-09-14
2931,Sell,2018-09-14
2932,Sell,2018-09-14
2933,Hold,2018-09-17
2934,Hold,2018-09-17
2935,Hold,2018-09-17
2936,Hold,2018-09-17
2937,Hold,2018-09-17
2938,Hold,2018-09-17
2939,Hold,2018-09-17
2940,Hold,2018-09-17
2941,Hold,2018-09-17
2942,Hold,2018-09-17
2943,Sell,2018-09-18
2944,Sell,2018-09-18
2945,Sell,2018-09-18
2946,Sell,2018-09-18
2947,Sell,2018-09-18
2948,Sell,2018-09-18
2949,Sell,2018-09-18
2950,Sell,2018-09-18
2951,Sell,2018-09-18
2952,Sell,2018-09-18
2953,Hold,2018-09-19
2954,Hold,2018-09-19
2955,Hold,2018-09-19
2956,Hold,2018-09-19
2957,Hold,2018-09-19
2958,Hold,2018-09-19
2959,Hold,2018-09-19
2960,Hold,2018-09-19
2961,Hold,2018-09-19
2962,Hold,2018-09-19
2963,Sell,2018-09-20
2964,Sell,2018-09-20
2965,Sell,2018-09-20
2966,Sell,2018-09-20
2967,Sell,2018-09-20
2968,Sell,2018-09-20
2969,Sell,2018-09-20
2970,Sell,2018-09-20
2971,Sell,2018-09-20
2972,Sell,2018-09-20
2973,Hold,2018-09-21
2974,Hold,2018-09-21
2975,Hold,2018-09-21
2976,Hold,2018-09-21
2977,Hold,2018-09-21
2978,Hold,2018-09-21
2979,Hold,2018-09-21
2980,Hold,2018-09-21
2981,Hold,2018-09-21
2982,Hold,2018-09-21
2983,Sell,2018-09-24
2984,Sell,2018-09-24
2985,Sell,2018-09-24
2986,Sell,2018-09-24
2987,Sell,2018-09-24
2988,Sell,2018-09-24
2989,Sell,2018-09-24
2990,Sell,2018-09-24
2991,Sell,2018-09-24
2992,Hold,2018-09-25
2993,Hold,2018-09-25
2994,Hold,2018-09-25
2995,Hold,2018-09-25
2996,Hold,2018-09-25
2997,Hold,2018-09-25
2998,Hold,2018-09-25
2999,Hold,2018-09-25
3000,Hold,2018-09-25
3001,Hold,2018-09-25
3002,Hold,2018-09-26
3003,Hold,2018-09-26
3004,Hold,2018-09-26
3005,Hold,2018-09-26
3006,Hold,2018-09-26
3007,Hold,2018-09-26
3008,Hold,2018-09-26
3009,Hold,2018-09-26
3010,Hold,2018-09-26
3011,Hold,2018-09-26
3012,Hold,2018-09-27
3013,Hold,2018-09-27
3014,Hold,2018-09-27
3015,Hold,2018-09-27
3016,Hold,2018-09-27
3017,Hold,2018-09-27
3018,Hold,2018-09-27
3019,Hold,2018-09-27
3020,Hold,2018-09-27
3021,Hold,2018-09-27
3022,Sell,2018-09-28
3023,Sell,2018-09-28
3024,Sell,2018-09-28
3025,Sell,2018-09-28
3026,Sell,2018-09-28
3027,Sell,2018-09-28
3028,Sell,2018-09-28
3029,Sell,2018-09-28
3030,Sell,2018-09-28
3031,Sell,2018-09-28
3032,Sell,2018-10-01
3033,Sell,2018-10-01
3034,Sell,2018-10-01
3035,Sell,2018-10-01
3036,Sell,2018-10-01
3037,Sell,2018-10-01
3038,Sell,2018-10-01
3039,Sell,2018-10-01
3040,Sell,2018-10-01
3041,Sell,2018-10-01
3042,Hold,2018-10-02
3043,Hold,2018-10-02
3044,Hold,2018-10-02
3045,Hold,2018-10-02
3046,Hold,2018-10-02
3047,Hold,2018-10-02
3048,Hold,2018-10-02
3049,Hold,2018-10-02
3050,Hold,2018-10-02
3051,Hold,2018-10-02
3052,Sell,2018-10-03
3053,Sell,2018-10-03
3054,Sell,2018-10-03
3055,Sell,2018-10-03
3056,Sell,2018-10-03
3057,Sell,2018-10-03
3058,Sell,2018-10-03
3059,Sell,2018-10-03
3060,Sell,2018-10-03
3061,Sell,2018-10-04
3062,Sell,2018-10-04
3063,Sell,2018-10-04
3064,Sell,2018-10-04
3065,Sell,2018-10-04
3066,Sell,2018-10-04
3067,Sell,2018-10-04
3068,Sell,2018-10-04
3069,Sell,2018-10-04
3070,Sell,2018-10-05
3071,Sell,2018-10-05
3072,Sell,2018-10-05
3073,Sell,2018-10-05
3074,Sell,2018-10-05
3075,Sell,2018-10-05
3076,Sell,2018-10-05
3077,Sell,2018-10-05
3078,Sell,2018-10-05
3079,Sell,2018-10-05
3080,Hold,2018-10-08
3081,Hold,2018-10-08
3082,Hold,2018-10-08
3083,Hold,2018-10-08
3084,Hold,2018-10-08
3085,Hold,2018-10-08
3086,Hold,2018-10-08
3087,Hold,2018-10-08
3088,Hold,2018-10-08
3089,Sell,2018-10-09
3090,Sell,2018-10-09
3091,Sell,2018-10-09
3092,Sell,2018-10-09
3093,Sell,2018-10-09
3094,Sell,2018-10-09
3095,Sell,2018-10-09
3096,Sell,2018-10-09
3097,Sell,2018-10-09
3098,Sell,2018-10-10
3099,Sell,2018-10-10
3100,Sell,2018-10-10
3101,Sell,2018-10-10
3102,Sell,2018-10-10
3103,Sell,2018-10-10
3104,Sell,2018-10-10
3105,Sell,2018-10-10
3106,Sell,2018-10-10
3107,Sell,2018-10-10
3108,Buy,2018-10-11
3109,Buy,2018-10-11
3110,Buy,2018-10-11
3111,Buy,2018-10-11
3112,Buy,2018-10-11
3113,Buy,2018-10-11
3114,Buy,2018-10-11
3115,Buy,2018-10-11
3116,Buy,2018-10-11
3117,Buy,2018-10-11
3118,Hold,2018-10-12
3119,Hold,2018-10-12
3120,Hold,2018-10-12
3121,Hold,2018-10-12
3122,Hold,2018-10-12
3123,Hold,2018-10-12
3124,Hold,2018-10-12
3125,Hold,2018-10-12
3126,Hold,2018-10-12
3127,Hold,2018-10-12
3128,Buy,2018-10-15
3129,Buy,2018-10-15
3130,Buy,2018-10-15
3131,Buy,2018-10-15
3132,Buy,2018-10-15
3133,Buy,2018-10-15
3134,Buy,2018-10-15
3135,Buy,2018-10-15
3136,Buy,2018-10-15
3137,Buy,2018-10-15
3138,Hold,2018-10-16
3139,Hold,2018-10-16
3140,Hold,2018-10-16
3141,Hold,2018-10-16
3142,Hold,2018-10-16
3143,Hold,2018-10-16
3144,Hold,2018-10-16
3145,Hold,2018-10-16
3146,Hold,2018-10-16
3147,Hold,2018-10-16
3148,Sell,2018-10-17
3149,Sell,2018-10-17
3150,Sell,2018-10-17
3151,Sell,2018-10-17
3152,Sell,2018-10-17
3153,Sell,2018-10-17
3154,Sell,2018-10-17
3155,Sell,2018-10-17
3156,Sell,2018-10-17
3157,Hold,2018-10-18
3158,Hold,2018-10-18
3159,Hold,2018-10-18
3160,Hold,2018-10-18
3161,Hold,2018-10-18
3162,Hold,2018-10-18
3163,Hold,2018-10-18
3164,Hold,2018-10-18
3165,Hold,2018-10-18
3166,Hold,2018-10-18
3167,Buy,2018-10-19
3168,Buy,2018-10-19
3169,Buy,2018-10-19
3170,Buy,2018-10-19
3171,Buy,2018-10-19
3172,Buy,2018-10-19
3173,Buy,2018-10-19
3174,Buy,2018-10-19
3175,Buy,2018-10-19
3176,Buy,2018-10-19
3177,Hold,2018-10-22
3178,Hold,2018-10-22
3179,Hold,2018-10-22
3180,Hold,2018-10-22
3181,Hold,2018-10-22
3182,Hold,2018-10-22
3183,Hold,2018-10-22
3184,Hold,2018-10-22
3185,Hold,2018-10-22
3186,Hold,2018-10-22
3187,Sell,2018-10-23
3188,Sell,2018-10-23
3189,Sell,2018-10-23
3190,Sell,2018-10-23
3191,Sell,2018-10-23
3192,Sell,2018-10-23
3193,Sell,2018-10-23
3194,Sell,2018-10-23
3195,Sell,2018-10-23
3196,Sell,2018-10-23
3197,Buy,2018-10-24
3198,Buy,2018-10-24
3199,Buy,2018-10-24
3200,Buy,2018-10-24
3201,Buy,2018-10-24
3202,Buy,2018-10-24
3203,Buy,2018-10-24
3204,Buy,2018-10-24
3205,Buy,2018-10-24
3206,Buy,2018-10-24
3207,Sell,2018-10-25
3208,Sell,2018-10-25
3209,Sell,2018-10-25
3210,Sell,2018-10-25
3211,Sell,2018-10-25
3212,Sell,2018-10-25
3213,Sell,2018-10-25
3214,Sell,2018-10-25
3215,Sell,2018-10-25
3216,Sell,2018-10-26
3217,Sell,2018-10-26
3218,Sell,2018-10-26
3219,Sell,2018-10-26
3220,Sell,2018-10-26
3221,Sell,2018-10-26
3222,Sell,2018-10-26
3223,Sell,2018-10-26
3224,Sell,2018-10-26
3225,Sell,2018-10-26
3226,Buy,2018-10-29
3227,Buy,2018-10-29
3228,Buy,2018-10-29
3229,Buy,2018-10-29
3230,Buy,2018-10-29
3231,Buy,2018-10-29
3232,Buy,2018-10-29
3233,Buy,2018-10-29
3234,Buy,2018-10-29
3235,Buy,2018-10-29
3236,Buy,2018-10-30
3237,Buy,2018-10-30
3238,Buy,2018-10-30
3239,Buy,2018-10-30
3240,Buy,2018-10-30
3241,Buy,2018-10-30
3242,Buy,2018-10-30
3243,Buy,2018-10-30
3244,Buy,2018-10-30
3245,Buy,2018-10-30
3246,Buy,2018-10-31
3247,Buy,2018-10-31
3248,Buy,2018-10-31
3249,Buy,2018-10-31
3250,Buy,2018-10-31
3251,Buy,2018-10-31
3252,Buy,2018-10-31
3253,Buy,2018-10-31
3254,Buy,2018-10-31
3255,Buy,2018-10-31
3256,Buy,2018-11-01
3257,Buy,2018-11-01
3258,Buy,2018-11-01
3259,Buy,2018-11-01
3260,Buy,2018-11-01
3261,Buy,2018-11-01
3262,Buy,2018-11-01
3263,Buy,2018-11-01
3264,Buy,2018-11-01
3265,Buy,2018-11-01
3266,Sell,2018-11-02
3267,Sell,2018-11-02
3268,Sell,2018-11-02
3269,Sell,2018-11-02
3270,Sell,2018-11-02
3271,Sell,2018-11-02
3272,Sell,2018-11-02
3273,Sell,2018-11-02
3274,Sell,2018-11-02
3275,Sell,2018-11-02
3276,Buy,2018-11-05
3277,Buy,2018-11-05
3278,Buy,2018-11-05
3279,Buy,2018-11-05
3280,Buy,2018-11-05
3281,Buy,2018-11-05
3282,Buy,2018-11-05
3283,Buy,2018-11-05
3284,Buy,2018-11-05
3285,Buy,2018-11-05
3286,Buy,2018-11-06
3287,Buy,2018-11-06
3288,Buy,2018-11-06
3289,Buy,2018-11-06
3290,Buy,2018-11-06
3291,Buy,2018-11-06
3292,Buy,2018-11-06
3293,Buy,2018-11-06
3294,Buy,2018-11-06
3295,Buy,2018-11-06
3296,Sell,2018-11-07
3297,Sell,2018-11-07
3298,Sell,2018-11-07
3299,Sell,2018-11-07
3300,Sell,2018-11-07
3301,Sell,2018-11-07
3302,Sell,2018-11-07
3303,Sell,2018-11-07
3304,Sell,2018-11-07
3305,Sell,2018-11-07
3306,Sell,2018-11-08
3307,Sell,2018-11-08
3308,Sell,2018-11-08
3309,Sell,2018-11-08
3310,Sell,2018-11-08
3311,Sell,2018-11-08
3312,Sell,2018-11-08
3313,Sell,2018-11-08
3314,Sell,2018-11-08
3315,Sell,2018-11-08
3316,Sell,2018-11-09
3317,Sell,2018-11-09
3318,Sell,2018-11-09
3319,Sell,2018-11-09
3320,Sell,2018-11-09
3321,Sell,2018-11-09
3322,Sell,2018-11-09
3323,Sell,2018-11-09
3324,Sell,2018-11-09
3325,Sell,2018-11-09
3326,Buy,2018-11-12
3327,Buy,2018-11-12
3328,Sell,2018-11-12
3329,Buy,2018-11-12
3330,Buy,2018-11-12
3331,Buy,2018-11-12
3332,Buy,2018-11-12
3333,Buy,2018-11-12
3334,Buy,2018-11-12
3335,Sell,2018-11-13
3336,Sell,2018-11-13
3337,Sell,2018-11-13
3338,Sell,2018-11-13
3339,Sell,2018-11-13
3340,Sell,2018-11-13
3341,Sell,2018-11-13
3342,Sell,2018-11-13
3343,Sell,2018-11-13
3344,Sell,2018-11-13
3345,Buy,2018-11-14
3346,Buy,2018-11-14
3347,Buy,2018-11-14
3348,Buy,2018-11-14
3349,Buy,2018-11-14
3350,Buy,2018-11-14
3351,Buy,2018-11-14
3352,Buy,2018-11-14
3353,Buy,2018-11-14
3354,Buy,2018-11-14
3355,Sell,2018-11-15
3356,Sell,2018-11-15
3357,Sell,2018-11-15
3358,Sell,2018-11-15
3359,Sell,2018-11-15
3360,Sell,2018-11-15
3361,Sell,2018-11-15
3362,Sell,2018-11-15
3363,Sell,2018-11-15
3364,Sell,2018-11-15
3365,Sell,2018-11-16
3366,Sell,2018-11-16
3367,Sell,2018-11-16
3368,Sell,2018-11-16
3369,Sell,2018-11-16
3370,Sell,2018-11-16
3371,Sell,2018-11-16
3372,Sell,2018-11-16
3373,Sell,2018-11-16
3374,Sell,2018-11-19
3375,Sell,2018-11-19
3376,Sell,2018-11-19
3377,Sell,2018-11-19
3378,Sell,2018-11-19
3379,Sell,2018-11-19
3380,Sell,2018-11-19
3381,Sell,2018-11-19
3382,Sell,2018-11-19
3383,Sell,2018-11-19
3384,Buy,2018-11-20
3385,Buy,2018-11-20
3386,Buy,2018-11-20
3387,Buy,2018-11-20
3388,Buy,2018-11-20
3389,Buy,2018-11-20
3390,Buy,2018-11-20
3391,Buy,2018-11-20
3392,Buy,2018-11-20
3393,Buy,2018-11-20
3394,Hold,2018-11-21
3395,Hold,2018-11-21
3396,Hold,2018-11-21
3397,Hold,2018-11-21
3398,Hold,2018-11-21
3399,Hold,2018-11-21
3400,Hold,2018-11-21
3401,Hold,2018-11-21
3402,Hold,2018-11-21
3403,Hold,2018-11-21
3404,Buy,2018-11-23
3405,Buy,2018-11-23
3406,Buy,2018-11-23
3407,Buy,2018-11-23
3408,Buy,2018-11-23
3409,Buy,2018-11-23
3410,Buy,2018-11-23
3411,Sell,2018-11-26
3412,Sell,2018-11-26
3413,Sell,2018-11-26
3414,Sell,2018-11-26
3415,Sell,2018-11-26
3416,Sell,2018-11-26
3417,Sell,2018-11-26
3418,Sell,2018-11-26
3419,Sell,2018-11-26
3420,Sell,2018-11-26
3421,Buy,2018-11-27
3422,Buy,2018-11-27
3423,Buy,2018-11-27
3424,Buy,2018-11-27
3425,Buy,2018-11-27
3426,Buy,2018-11-27
3427,Buy,2018-11-27
3428,Buy,2018-11-27
3429,Buy,2018-11-27
3430,Buy,2018-11-27
3431,Sell,2018-11-28
3432,Sell,2018-11-28
3433,Sell,2018-11-28
3434,Sell,2018-11-28
3435,Sell,2018-11-28
3436,Sell,2018-11-28
3437,Sell,2018-11-28
3438,Sell,2018-11-28
3439,Sell,2018-11-28
3440,Sell,2018-11-28
3441,Buy,2018-11-29
3442,Buy,2018-11-29
3443,Buy,2018-11-29
3444,Buy,2018-11-29
3445,Buy,2018-11-29
3446,Buy,2018-11-29
3447,Buy,2018-11-29
3448,Buy,2018-11-29
3449,Buy,2018-11-29
3450,Buy,2018-11-29
3451,Buy,2018-11-30
3452,Buy,2018-11-30
3453,Buy,2018-11-30
3454,Buy,2018-11-30
3455,Buy,2018-11-30
3456,Buy,2018-11-30
3457,Buy,2018-11-30
3458,Buy,2018-11-30
3459,Buy,2018-11-30
3460,Sell,2018-12-03
3461,Sell,2018-12-03
3462,Sell,2018-12-03
3463,Sell,2018-12-03
3464,Sell,2018-12-03
3465,Sell,2018-12-03
3466,Sell,2018-12-03
3467,Sell,2018-12-03
3468,Sell,2018-12-03
3469,Sell,2018-12-03
3470,Sell,2018-12-04
3471,Sell,2018-12-04
3472,Sell,2018-12-04
3473,Sell,2018-12-04
3474,Sell,2018-12-04
3475,Sell,2018-12-04
3476,Sell,2018-12-04
3477,Sell,2018-12-04
3478,Sell,2018-12-04
3479,Sell,2018-12-04
3480,Sell,2018-12-06
3481,Sell,2018-12-06
3482,Sell,2018-12-06
3483,Sell,2018-12-06
3484,Sell,2018-12-06
3485,Sell,2018-12-06
3486,Sell,2018-12-06
3487,Sell,2018-12-06
3488,Sell,2018-12-06
3489,Sell,2018-12-06
3490,Buy,2018-12-07
3491,Buy,2018-12-07
3492,Buy,2018-12-07
3493,Buy,2018-12-07
3494,Buy,2018-12-07
3495,Buy,2018-12-07
3496,Buy,2018-12-07
3497,Buy,2018-12-07
3498,Buy,2018-12-07
3499,Buy,2018-12-07
3500,Sell,2018-12-10
3501,Sell,2018-12-10
3502,Sell,2018-12-10
3503,Sell,2018-12-10
3504,Sell,2018-12-10
3505,Sell,2018-12-10
3506,Sell,2018-12-10
3507,Sell,2018-12-10
3508,Buy,2018-12-11
3509,Buy,2018-12-11
3510,Buy,2018-12-11
3511,Buy,2018-12-11
3512,Buy,2018-12-11
3513,Buy,2018-12-11
3514,Buy,2018-12-11
3515,Buy,2018-12-11
3516,Buy,2018-12-11
3517,Buy,2018-12-11
3518,Sell,2018-12-12
3519,Sell,2018-12-12
3520,Sell,2018-12-12
3521,Sell,2018-12-12
3522,Sell,2018-12-12
3523,Sell,2018-12-12
3524,Sell,2018-12-12
3525,Sell,2018-12-12
3526,Sell,2018-12-12
3527,Sell,2018-12-12
3528,Sell,2018-12-13
3529,Sell,2018-12-13
3530,Sell,2018-12-13
3531,Sell,2018-12-13
3532,Sell,2018-12-13
3533,Sell,2018-12-13
3534,Sell,2018-12-13
3535,Sell,2018-12-13
3536,Sell,2018-12-13
3537,Sell,2018-12-13
3538,Sell,2018-12-14
3539,Sell,2018-12-14
3540,Sell,2018-12-14
3541,Sell,2018-12-14
3542,Sell,2018-12-14
3543,Sell,2018-12-14
3544,Sell,2018-12-14
3545,Sell,2018-12-14
3546,Sell,2018-12-14
3547,Sell,2018-12-14
3548,Buy,2018-12-17
3549,Buy,2018-12-17
3550,Buy,2018-12-17
3551,Buy,2018-12-17
3552,Buy,2018-12-17
3553,Buy,2018-12-17
3554,Buy,2018-12-17
3555,Buy,2018-12-17
3556,Buy,2018-12-17
3557,Buy,2018-12-17
3558,Sell,2018-12-18
3559,Sell,2018-12-18
3560,Sell,2018-12-18
3561,Sell,2018-12-18
3562,Sell,2018-12-18
3563,Sell,2018-12-18
3564,Sell,2018-12-18
3565,Sell,2018-12-18
3566,Sell,2018-12-18
3567,Sell,2018-12-18
3568,Sell,2018-12-19
3569,Sell,2018-12-19
3570,Sell,2018-12-19
3571,Sell,2018-12-19
3572,Sell,2018-12-19
3573,Sell,2018-12-19
3574,Sell,2018-12-19
3575,Sell,2018-12-19
3576,Sell,2018-12-19
3577,Sell,2018-12-19
3578,Sell,2018-12-20
3579,Sell,2018-12-20
3580,Sell,2018-12-20
3581,Sell,2018-12-20
3582,Sell,2018-12-20
3583,Sell,2018-12-20
3584,Sell,2018-12-20
3585,Sell,2018-12-20
3586,Sell,2018-12-20
3587,Sell,2018-12-21
3588,Sell,2018-12-21
3589,Sell,2018-12-21
3590,Sell,2018-12-21
3591,Sell,2018-12-21
3592,Sell,2018-12-21
3593,Sell,2018-12-21
3594,Sell,2018-12-21
3595,Sell,2018-12-21
3596,Sell,2018-12-21
3597,Buy,2018-12-24
3598,Buy,2018-12-24
3599,Buy,2018-12-24
3600,Buy,2018-12-24
3601,Buy,2018-12-24
3602,Buy,2018-12-26
3603,Buy,2018-12-26
3604,Buy,2018-12-26
3605,Buy,2018-12-26
3606,Buy,2018-12-26
3607,Buy,2018-12-26
3608,Hold,2018-12-27
3609,Hold,2018-12-27
3610,Hold,2018-12-27
3611,Hold,2018-12-27
3612,Hold,2018-12-27
3613,Buy,2018-12-28
3614,Buy,2018-12-28
3615,Buy,2018-12-28
3616,Buy,2018-12-28
3617,Buy,2018-12-28
3618,Buy,2018-12-28
3619,Buy,2018-12-28
3620,Buy,2018-12-28
3621,Buy,2018-12-31
3622,Buy,2018-12-31
3623,Buy,2018-12-31
3624,Buy,2018-12-31
3625,Buy,2018-12-31
3626,Buy,2018-12-31
3627,Buy,2018-12-31
3628,Hold,2017-07-03
3629,Hold,2017-07-03
3630,Hold,2017-07-03
3631,Hold,2017-07-03
3632,Hold,2017-07-03
3633,Hold,2017-07-03
3634,Hold,2017-07-03
3635,Hold,2017-07-03
3636,Hold,2017-07-03
3637,Hold,2017-07-03
3638,Hold,2017-07-05
3639,Hold,2017-07-05
3640,Hold,2017-07-05
3641,Hold,2017-07-05
3642,Hold,2017-07-05
3643,Hold,2017-07-05
3644,Hold,2017-07-05
3645,Hold,2017-07-05
3646,Hold,2017-07-05
3647,Hold,2017-07-05
3648,Hold,2017-07-06
3649,Hold,2017-07-06
3650,Hold,2017-07-06
3651,Hold,2017-07-06
3652,Hold,2017-07-06
3653,Hold,2017-07-06
3654,Hold,2017-07-06
3655,Hold,2017-07-06
3656,Hold,2017-07-06
3657,Hold,2017-07-06
3658,Hold,2017-07-07
3659,Hold,2017-07-07
3660,Hold,2017-07-07
3661,Hold,2017-07-07
3662,Hold,2017-07-07
3663,Hold,2017-07-07
3664,Hold,2017-07-07
3665,Hold,2017-07-07
3666,Hold,2017-07-07
3667,Hold,2017-07-07
3668,Hold,2017-07-10
3669,Hold,2017-07-10
3670,Hold,2017-07-10
3671,Hold,2017-07-10
3672,Hold,2017-07-10
3673,Hold,2017-07-10
3674,Hold,2017-07-10
3675,Hold,2017-07-10
3676,Hold,2017-07-10
3677,Hold,2017-07-10
3678,Hold,2017-07-11
3679,Hold,2017-07-11
3680,Hold,2017-07-11
3681,Hold,2017-07-11
3682,Hold,2017-07-11
3683,Hold,2017-07-11
3684,Hold,2017-07-11
3685,Hold,2017-07-11
3686,Hold,2017-07-11
3687,Hold,2017-07-12
3688,Hold,2017-07-12
3689,Hold,2017-07-12
3690,Hold,2017-07-12
3691,Hold,2017-07-12
3692,Hold,2017-07-12
3693,Hold,2017-07-12
3694,Hold,2017-07-12
3695,Hold,2017-07-12
3696,Hold,2017-07-12
3697,Hold,2017-07-13
3698,Hold,2017-07-13
3699,Hold,2017-07-13
3700,Hold,2017-07-13
3701,Hold,2017-07-13
3702,Hold,2017-07-13
3703,Hold,2017-07-13
3704,Hold,2017-07-13
3705,Hold,2017-07-13
3706,Hold,2017-07-13
3707,Hold,2017-07-14
3708,Hold,2017-07-14
3709,Hold,2017-07-14
3710,Hold,2017-07-14
3711,Hold,2017-07-14
3712,Hold,2017-07-14
3713,Hold,2017-07-14
3714,Hold,2017-07-14
3715,Hold,2017-07-14
3716,Hold,2017-07-14
3717,Hold,2017-07-17
3718,Hold,2017-07-17
3719,Hold,2017-07-17
3720,Hold,2017-07-17
3721,Hold,2017-07-17
3722,Hold,2017-07-17
3723,Hold,2017-07-17
3724,Hold,2017-07-17
3725,Hold,2017-07-17
3726,Hold,2017-07-18
3727,Hold,2017-07-18
3728,Hold,2017-07-18
3729,Hold,2017-07-18
3730,Hold,2017-07-18
3731,Hold,2017-07-18
3732,Hold,2017-07-18
3733,Hold,2017-07-18
3734,Hold,2017-07-18
3735,Hold,2017-07-18
3736,Hold,2017-07-19
3737,Hold,2017-07-19
3738,Hold,2017-07-19
3739,Hold,2017-07-19
3740,Hold,2017-07-19
3741,Hold,2017-07-19
3742,Hold,2017-07-19
3743,Hold,2017-07-19
3744,Hold,2017-07-19
3745,Hold,2017-07-19
3746,Hold,2017-07-20
3747,Hold,2017-07-20
3748,Hold,2017-07-20
3749,Hold,2017-07-20
3750,Hold,2017-07-20
3751,Hold,2017-07-20
3752,Hold,2017-07-20
3753,Hold,2017-07-20
3754,Hold,2017-07-20
3755,Hold,2017-07-20
3756,Hold,2017-07-21
3757,Hold,2017-07-21
3758,Hold,2017-07-21
3759,Hold,2017-07-21
3760,Hold,2017-07-21
3761,Hold,2017-07-21
3762,Hold,2017-07-21
3763,Hold,2017-07-21
3764,Hold,2017-07-21
3765,Hold,2017-07-21
3766,Hold,2017-07-24
3767,Hold,2017-07-24
3768,Hold,2017-07-24
3769,Hold,2017-07-24
3770,Hold,2017-07-24
3771,Hold,2017-07-24
3772,Hold,2017-07-24
3773,Hold,2017-07-24
3774,Hold,2017-07-24
3775,Hold,2017-07-24
3776,Hold,2017-07-25
3777,Hold,2017-07-25
3778,Hold,2017-07-25
3779,Hold,2017-07-25
3780,Hold,2017-07-25
3781,Hold,2017-07-25
3782,Hold,2017-07-25
3783,Hold,2017-07-25
3784,Hold,2017-07-25
3785,Hold,2017-07-25
3786,Hold,2017-07-26
3787,Hold,2017-07-26
3788,Hold,2017-07-26
3789,Hold,2017-07-26
3790,Hold,2017-07-26
3791,Hold,2017-07-26
3792,Hold,2017-07-26
3793,Hold,2017-07-26
3794,Hold,2017-07-26
3795,Hold,2017-07-26
3796,Hold,2017-07-27
3797,Hold,2017-07-27
3798,Hold,2017-07-27
3799,Hold,2017-07-27
3800,Hold,2017-07-27
3801,Hold,2017-07-27
3802,Hold,2017-07-27
3803,Hold,2017-07-27
3804,Hold,2017-07-27
3805,Hold,2017-07-27
3806,Hold,2017-07-28
3807,Hold,2017-07-28
3808,Hold,2017-07-28
3809,Hold,2017-07-28
3810,Hold,2017-07-28
3811,Hold,2017-07-28
3812,Hold,2017-07-28
3813,Hold,2017-07-28
3814,Hold,2017-07-28
3815,Hold,2017-07-28
3816,Hold,2017-07-31
3817,Hold,2017-07-31
3818,Hold,2017-07-31
3819,Hold,2017-07-31
3820,Hold,2017-07-31
3821,Hold,2017-07-31
3822,Hold,2017-07-31
3823,Hold,2017-07-31
3824,Hold,2017-07-31
3825,Hold,2017-07-31
3826,Hold,2017-08-01
3827,Hold,2017-08-01
3828,Hold,2017-08-01
3829,Hold,2017-08-01
3830,Hold,2017-08-01
3831,Hold,2017-08-01
3832,Hold,2017-08-01
3833,Hold,2017-08-01
3834,Hold,2017-08-01
3835,Sell,2017-08-02
3836,Sell,2017-08-02
3837,Sell,2017-08-02
3838,Sell,2017-08-02
3839,Sell,2017-08-02
3840,Sell,2017-08-02
3841,Sell,2017-08-02
3842,Sell,2017-08-02
3843,Sell,2017-08-02
3844,Sell,2017-08-02
3845,Sell,2017-08-03
3846,Sell,2017-08-03
3847,Sell,2017-08-03
3848,Sell,2017-08-03
3849,Sell,2017-08-03
3850,Sell,2017-08-03
3851,Sell,2017-08-03
3852,Sell,2017-08-03
3853,Sell,2017-08-03
3854,Sell,2017-08-03
3855,Hold,2017-08-04
3856,Hold,2017-08-04
3857,Hold,2017-08-04
3858,Hold,2017-08-04
3859,Hold,2017-08-04
3860,Hold,2017-08-04
3861,Hold,2017-08-04
3862,Hold,2017-08-04
3863,Hold,2017-08-07
3864,Hold,2017-08-07
3865,Hold,2017-08-07
3866,Hold,2017-08-07
3867,Hold,2017-08-07
3868,Hold,2017-08-07
3869,Hold,2017-08-07
3870,Hold,2017-08-07
3871,Hold,2017-08-07
3872,Hold,2017-08-07
3873,Sell,2017-08-08
3874,Sell,2017-08-08
3875,Sell,2017-08-08
3876,Sell,2017-08-08
3877,Sell,2017-08-08
3878,Sell,2017-08-08
3879,Sell,2017-08-08
3880,Sell,2017-08-08
3881,Sell,2017-08-08
3882,Sell,2017-08-09
3883,Sell,2017-08-09
3884,Sell,2017-08-09
3885,Sell,2017-08-09
3886,Sell,2017-08-09
3887,Sell,2017-08-09
3888,Sell,2017-08-09
3889,Sell,2017-08-09
3890,Sell,2017-08-09
3891,Sell,2017-08-09
3892,Hold,2017-08-10
3893,Hold,2017-08-10
3894,Hold,2017-08-10
3895,Hold,2017-08-10
3896,Hold,2017-08-10
3897,Hold,2017-08-10
3898,Hold,2017-08-10
3899,Hold,2017-08-10
3900,Hold,2017-08-10
3901,Hold,2017-08-11
3902,Hold,2017-08-11
3903,Hold,2017-08-11
3904,Hold,2017-08-11
3905,Hold,2017-08-11
3906,Hold,2017-08-11
3907,Hold,2017-08-11
3908,Hold,2017-08-11
3909,Hold,2017-08-11
3910,Hold,2017-08-11
3911,Hold,2017-08-14
3912,Hold,2017-08-14
3913,Hold,2017-08-14
3914,Hold,2017-08-14
3915,Hold,2017-08-14
3916,Hold,2017-08-14
3917,Hold,2017-08-14
3918,Hold,2017-08-14
3919,Hold,2017-08-14
3920,Hold,2017-08-14
3921,Hold,2017-08-15
3922,Hold,2017-08-15
3923,Hold,2017-08-15
3924,Hold,2017-08-15
3925,Hold,2017-08-15
3926,Hold,2017-08-15
3927,Hold,2017-08-15
3928,Hold,2017-08-15
3929,Hold,2017-08-15
3930,Hold,2017-08-15
3931,Sell,2017-08-16
3932,Sell,2017-08-16
3933,Sell,2017-08-16
3934,Sell,2017-08-16
3935,Sell,2017-08-16
3936,Sell,2017-08-16
3937,Sell,2017-08-16
3938,Sell,2017-08-16
3939,Sell,2017-08-16
3940,Hold,2017-08-17
3941,Hold,2017-08-17
3942,Hold,2017-08-17
3943,Hold,2017-08-17
3944,Hold,2017-08-17
3945,Hold,2017-08-17
3946,Hold,2017-08-17
3947,Hold,2017-08-17
3948,Hold,2017-08-17
3949,Hold,2017-08-17
3950,Hold,2017-08-18
3951,Hold,2017-08-18
3952,Hold,2017-08-18
3953,Hold,2017-08-18
3954,Hold,2017-08-18
3955,Hold,2017-08-18
3956,Hold,2017-08-18
3957,Hold,2017-08-18
3958,Hold,2017-08-18
3959,Hold,2017-08-18
3960,Hold,2017-08-21
3961,Hold,2017-08-21
3962,Hold,2017-08-21
3963,Hold,2017-08-21
3964,Hold,2017-08-21
3965,Hold,2017-08-21
3966,Hold,2017-08-21
3967,Hold,2017-08-21
3968,Hold,2017-08-21
3969,Hold,2017-08-21
3970,Hold,2017-08-22
3971,Hold,2017-08-22
3972,Hold,2017-08-22
3973,Hold,2017-08-22
3974,Hold,2017-08-22
3975,Hold,2017-08-22
3976,Hold,2017-08-22
3977,Hold,2017-08-22
3978,Hold,2017-08-22
3979,Hold,2017-08-22
3980,Hold,2017-08-23
3981,Hold,2017-08-23
3982,Hold,2017-08-23
3983,Hold,2017-08-23
3984,Hold,2017-08-23
3985,Hold,2017-08-23
3986,Hold,2017-08-23
3987,Hold,2017-08-23
3988,Hold,2017-08-23
3989,Hold,2017-08-23
3990,Hold,2017-08-24
3991,Hold,2017-08-24
3992,Hold,2017-08-24
3993,Hold,2017-08-24
3994,Hold,2017-08-24
3995,Hold,2017-08-24
3996,Hold,2017-08-24
3997,Hold,2017-08-24
3998,Hold,2017-08-24
3999,Hold,2017-08-24
4000,Hold,2017-08-25
4001,Hold,2017-08-25
4002,Hold,2017-08-25
4003,Hold,2017-08-25
4004,Hold,2017-08-25
4005,Hold,2017-08-25
4006,Hold,2017-08-25
4007,Hold,2017-08-25
4008,Hold,2017-08-25
4009,Hold,2017-08-25
4010,Hold,2017-08-28
4011,Hold,2017-08-28
4012,Hold,2017-08-28
4013,Hold,2017-08-28
4014,Hold,2017-08-28
4015,Hold,2017-08-28
4016,Hold,2017-08-28
4017,Hold,2017-08-28
4018,Hold,2017-08-28
4019,Hold,2017-08-28
4020,Hold,2017-08-29
4021,Hold,2017-08-29
4022,Hold,2017-08-29
4023,Hold,2017-08-29
4024,Hold,2017-08-29
4025,Hold,2017-08-29
4026,Hold,2017-08-29
4027,Hold,2017-08-29
4028,Hold,2017-08-29
4029,Hold,2017-08-29
4030,Hold,2017-08-30
4031,Hold,2017-08-30
4032,Hold,2017-08-30
4033,Hold,2017-08-30
4034,Hold,2017-08-30
4035,Hold,2017-08-30
4036,Hold,2017-08-30
4037,Hold,2017-08-30
4038,Hold,2017-08-30
4039,Hold,2017-08-31
4040,Hold,2017-08-31
4041,Hold,2017-08-31
4042,Hold,2017-08-31
4043,Hold,2017-08-31
4044,Hold,2017-08-31
4045,Hold,2017-08-31
4046,Hold,2017-08-31
4047,Hold,2017-08-31
4048,Hold,2017-09-01
4049,Hold,2017-09-01
4050,Hold,2017-09-01
4051,Hold,2017-09-01
4052,Hold,2017-09-01
4053,Hold,2017-09-01
4054,Hold,2017-09-01
4055,Hold,2017-09-01
4056,Hold,2017-09-01
4057,Hold,2017-09-01
4058,Hold,2017-09-05
4059,Hold,2017-09-05
4060,Hold,2017-09-05
4061,Hold,2017-09-05
4062,Hold,2017-09-05
4063,Hold,2017-09-05
4064,Hold,2017-09-05
4065,Hold,2017-09-05
4066,Hold,2017-09-05
4067,Hold,2017-09-05
4068,Hold,2017-09-06
4069,Hold,2017-09-06
4070,Hold,2017-09-06
4071,Hold,2017-09-06
4072,Hold,2017-09-06
4073,Hold,2017-09-06
4074,Hold,2017-09-06
4075,Hold,2017-09-06
4076,Hold,2017-09-06
4077,Hold,2017-09-06
4078,Hold,2017-09-07
4079,Hold,2017-09-07
4080,Hold,2017-09-07
4081,Hold,2017-09-07
4082,Hold,2017-09-07
4083,Hold,2017-09-07
4084,Hold,2017-09-07
4085,Hold,2017-09-08
4086,Hold,2017-09-08
4087,Hold,2017-09-08
4088,Hold,2017-09-08
4089,Hold,2017-09-08
4090,Hold,2017-09-08
4091,Hold,2017-09-08
4092,Hold,2017-09-08
4093,Hold,2017-09-11
4094,Hold,2017-09-11
4095,Hold,2017-09-11
4096,Hold,2017-09-11
4097,Hold,2017-09-11
4098,Hold,2017-09-11
4099,Hold,2017-09-11
4100,Hold,2017-09-11
4101,Hold,2017-09-11
4102,Hold,2017-09-12
4103,Hold,2017-09-12
4104,Hold,2017-09-12
4105,Hold,2017-09-12
4106,Hold,2017-09-12
4107,Hold,2017-09-12
4108,Hold,2017-09-12
4109,Hold,2017-09-12
4110,Hold,2017-09-12
4111,Hold,2017-09-12
4112,Hold,2017-09-13
4113,Hold,2017-09-13
4114,Hold,2017-09-13
4115,Hold,2017-09-13
4116,Hold,2017-09-13
4117,Hold,2017-09-13
4118,Hold,2017-09-13
4119,Hold,2017-09-13
4120,Hold,2017-09-13
4121,Hold,2017-09-13
4122,Hold,2017-09-14
4123,Hold,2017-09-14
4124,Hold,2017-09-14
4125,Hold,2017-09-14
4126,Hold,2017-09-14
4127,Hold,2017-09-14
4128,Hold,2017-09-14
4129,Hold,2017-09-14
4130,Hold,2017-09-14
4131,Hold,2017-09-15
4132,Hold,2017-09-15
4133,Hold,2017-09-15
4134,Hold,2017-09-15
4135,Hold,2017-09-15
4136,Hold,2017-09-15
4137,Hold,2017-09-15
4138,Hold,2017-09-15
4139,Hold,2017-09-15
4140,Hold,2017-09-18
4141,Hold,2017-09-18
4142,Hold,2017-09-18
4143,Hold,2017-09-18
4144,Hold,2017-09-18
4145,Hold,2017-09-18
4146,Hold,2017-09-18
4147,Hold,2017-09-18
4148,Hold,2017-09-18
4149,Hold,2017-09-18
4150,Hold,2017-09-19
4151,Hold,2017-09-19
4152,Hold,2017-09-19
4153,Hold,2017-09-19
4154,Hold,2017-09-19
4155,Hold,2017-09-19
4156,Hold,2017-09-19
4157,Hold,2017-09-19
4158,Hold,2017-09-19
4159,Hold,2017-09-19
4160,Hold,2017-09-20
4161,Hold,2017-09-20
4162,Hold,2017-09-20
4163,Hold,2017-09-20
4164,Hold,2017-09-20
4165,Hold,2017-09-20
4166,Hold,2017-09-20
4167,Hold,2017-09-20
4168,Hold,2017-09-20
4169,Hold,2017-09-20
4170,Hold,2017-09-21
4171,Hold,2017-09-21
4172,Hold,2017-09-21
4173,Hold,2017-09-21
4174,Hold,2017-09-21
4175,Hold,2017-09-21
4176,Hold,2017-09-21
4177,Hold,2017-09-21
4178,Hold,2017-09-21
4179,Hold,2017-09-21
4180,Buy,2017-09-22
4181,Buy,2017-09-22
4182,Buy,2017-09-22
4183,Buy,2017-09-22
4184,Buy,2017-09-22
4185,Buy,2017-09-22
4186,Buy,2017-09-22
4187,Buy,2017-09-22
4188,Buy,2017-09-22
4189,Hold,2017-09-25
4190,Hold,2017-09-25
4191,Hold,2017-09-25
4192,Hold,2017-09-25
4193,Hold,2017-09-25
4194,Hold,2017-09-25
4195,Hold,2017-09-25
4196,Hold,2017-09-25
4197,Hold,2017-09-25
4198,Hold,2017-09-25
4199,Hold,2017-09-26
4200,Hold,2017-09-26
4201,Hold,2017-09-26
4202,Hold,2017-09-26
4203,Hold,2017-09-26
4204,Hold,2017-09-26
4205,Hold,2017-09-26
4206,Hold,2017-09-26
4207,Hold,2017-09-26
4208,Hold,2017-09-26
4209,Hold,2017-09-27
4210,Hold,2017-09-27
4211,Hold,2017-09-27
4212,Hold,2017-09-27
4213,Hold,2017-09-27
4214,Hold,2017-09-27
4215,Hold,2017-09-27
4216,Hold,2017-09-27
4217,Hold,2017-09-27
4218,Hold,2017-09-27
4219,Hold,2017-09-28
4220,Hold,2017-09-28
4221,Hold,2017-09-28
4222,Hold,2017-09-28
4223,Hold,2017-09-28
4224,Hold,2017-09-28
4225,Hold,2017-09-28
4226,Hold,2017-09-28
4227,Hold,2017-09-28
4228,Hold,2017-09-29
4229,Hold,2017-09-29
4230,Hold,2017-09-29
4231,Hold,2017-09-29
4232,Hold,2017-09-29
4233,Hold,2017-09-29
4234,Hold,2017-09-29
4235,Hold,2017-09-29
4236,Hold,2017-09-29
4237,Hold,2017-09-29
4238,Hold,2017-10-02
4239,Hold,2017-10-02
4240,Hold,2017-10-02
4241,Hold,2017-10-02
4242,Hold,2017-10-02
4243,Hold,2017-10-02
4244,Hold,2017-10-02
4245,Hold,2017-10-02
4246,Hold,2017-10-02
4247,Hold,2017-10-02
4248,Hold,2017-10-03
4249,Hold,2017-10-03
4250,Hold,2017-10-03
4251,Hold,2017-10-03
4252,Hold,2017-10-03
4253,Hold,2017-10-03
4254,Hold,2017-10-03
4255,Hold,2017-10-03
4256,Hold,2017-10-03
4257,Hold,2017-10-03
4258,Hold,2017-10-04
4259,Hold,2017-10-04
4260,Hold,2017-10-04
4261,Hold,2017-10-04
4262,Hold,2017-10-04
4263,Hold,2017-10-04
4264,Hold,2017-10-04
4265,Hold,2017-10-04
4266,Hold,2017-10-04
4267,Hold,2017-10-04
4268,Hold,2017-10-05
4269,Hold,2017-10-05
4270,Hold,2017-10-05
4271,Hold,2017-10-05
4272,Hold,2017-10-05
4273,Hold,2017-10-05
4274,Hold,2017-10-05
4275,Hold,2017-10-05
4276,Hold,2017-10-05
4277,Hold,2017-10-05
4278,Hold,2017-10-06
4279,Hold,2017-10-06
4280,Hold,2017-10-06
4281,Hold,2017-10-06
4282,Hold,2017-10-06
4283,Hold,2017-10-06
4284,Hold,2017-10-06
4285,Hold,2017-10-06
4286,Hold,2017-10-06
4287,Hold,2017-10-06
4288,Hold,2017-10-09
4289,Hold,2017-10-09
4290,Hold,2017-10-09
4291,Hold,2017-10-09
4292,Hold,2017-10-09
4293,Hold,2017-10-09
4294,Hold,2017-10-09
4295,Hold,2017-10-09
4296,Hold,2017-10-09
4297,Hold,2017-10-09
4298,Hold,2017-10-10
4299,Hold,2017-10-10
4300,Hold,2017-10-10
4301,Hold,2017-10-10
4302,Hold,2017-10-10
4303,Hold,2017-10-10
4304,Hold,2017-10-10
4305,Hold,2017-10-10
4306,Hold,2017-10-10
4307,Hold,2017-10-10
4308,Hold,2017-10-11
4309,Hold,2017-10-11
4310,Hold,2017-10-11
4311,Hold,2017-10-11
4312,Hold,2017-10-11
4313,Hold,2017-10-11
4314,Hold,2017-10-11
4315,Hold,2017-10-11
4316,Hold,2017-10-11
4317,Hold,2017-10-11
4318,Hold,2017-10-12
4319,Hold,2017-10-12
4320,Hold,2017-10-12
4321,Hold,2017-10-12
4322,Hold,2017-10-12
4323,Hold,2017-10-12
4324,Hold,2017-10-12
4325,Hold,2017-10-12
4326,Hold,2017-10-12
4327,Hold,2017-10-12
4328,Hold,2017-10-13
4329,Hold,2017-10-13
4330,Hold,2017-10-13
4331,Hold,2017-10-13
4332,Hold,2017-10-13
4333,Hold,2017-10-13
4334,Hold,2017-10-13
4335,Hold,2017-10-13
4336,Hold,2017-10-13
4337,Hold,2017-10-16
4338,Hold,2017-10-16
4339,Hold,2017-10-16
4340,Hold,2017-10-16
4341,Hold,2017-10-16
4342,Hold,2017-10-16
4343,Hold,2017-10-16
4344,Hold,2017-10-16
4345,Hold,2017-10-16
4346,Hold,2017-10-16
4347,Hold,2017-10-17
4348,Hold,2017-10-17
4349,Hold,2017-10-17
4350,Hold,2017-10-17
4351,Hold,2017-10-17
4352,Hold,2017-10-17
4353,Hold,2017-10-17
4354,Hold,2017-10-17
4355,Hold,2017-10-17
4356,Hold,2017-10-17
4357,Hold,2017-10-18
4358,Hold,2017-10-18
4359,Hold,2017-10-18
4360,Hold,2017-10-18
4361,Hold,2017-10-18
4362,Hold,2017-10-18
4363,Hold,2017-10-18
4364,Hold,2017-10-18
4365,Hold,2017-10-18
4366,Hold,2017-10-18
4367,Hold,2017-10-19
4368,Hold,2017-10-19
4369,Hold,2017-10-19
4370,Hold,2017-10-19
4371,Hold,2017-10-19
4372,Hold,2017-10-19
4373,Hold,2017-10-19
4374,Hold,2017-10-19
4375,Hold,2017-10-19
4376,Hold,2017-10-19
4377,Hold,2017-10-20
4378,Hold,2017-10-20
4379,Hold,2017-10-20
4380,Hold,2017-10-20
4381,Hold,2017-10-20
4382,Hold,2017-10-20
4383,Hold,2017-10-20
4384,Hold,2017-10-20
4385,Hold,2017-10-20
4386,Hold,2017-10-20
4387,Hold,2017-10-23
4388,Hold,2017-10-23
4389,Hold,2017-10-23
4390,Hold,2017-10-23
4391,Hold,2017-10-23
4392,Hold,2017-10-23
4393,Hold,2017-10-23
4394,Hold,2017-10-23
4395,Hold,2017-10-23
4396,Hold,2017-10-23
4397,Hold,2017-10-24
4398,Hold,2017-10-24
4399,Hold,2017-10-24
4400,Hold,2017-10-24
4401,Hold,2017-10-24
4402,Hold,2017-10-24
4403,Hold,2017-10-24
4404,Hold,2017-10-24
4405,Hold,2017-10-24
4406,Hold,2017-10-24
4407,Hold,2017-10-25
4408,Hold,2017-10-25
4409,Hold,2017-10-25
4410,Hold,2017-10-25
4411,Hold,2017-10-25
4412,Hold,2017-10-25
4413,Hold,2017-10-25
4414,Hold,2017-10-25
4415,Hold,2017-10-25
4416,Hold,2017-10-25
4417,Buy,2017-10-26
4418,Buy,2017-10-26
4419,Buy,2017-10-26
4420,Buy,2017-10-26
4421,Buy,2017-10-26
4422,Buy,2017-10-26
4423,Buy,2017-10-26
4424,Buy,2017-10-26
4425,Buy,2017-10-26
4426,Buy,2017-10-26
4427,Sell,2017-10-27
4428,Sell,2017-10-27
4429,Sell,2017-10-27
4430,Sell,2017-10-27
4431,Sell,2017-10-27
4432,Sell,2017-10-27
4433,Sell,2017-10-27
4434,Sell,2017-10-27
4435,Sell,2017-10-27
4436,Sell,2017-10-27
4437,Hold,2017-10-30
4438,Hold,2017-10-30
4439,Hold,2017-10-30
4440,Hold,2017-10-30
4441,Hold,2017-10-30
4442,Hold,2017-10-30
4443,Hold,2017-10-30
4444,Hold,2017-10-30
4445,Hold,2017-10-30
4446,Sell,2017-10-31
4447,Sell,2017-10-31
4448,Sell,2017-10-31
4449,Sell,2017-10-31
4450,Sell,2017-10-31
4451,Sell,2017-10-31
4452,Sell,2017-10-31
4453,Sell,2017-10-31
4454,Sell,2017-10-31
4455,Sell,2017-10-31
4456,Buy,2017-11-01
4457,Buy,2017-11-01
4458,Buy,2017-11-01
4459,Buy,2017-11-01
4460,Buy,2017-11-01
4461,Buy,2017-11-01
4462,Buy,2017-11-01
4463,Buy,2017-11-01
4464,Buy,2017-11-01
4465,Buy,2017-11-01
4466,Buy,2017-11-02
4467,Buy,2017-11-02
4468,Buy,2017-11-02
4469,Buy,2017-11-02
4470,Buy,2017-11-02
4471,Buy,2017-11-02
4472,Buy,2017-11-02
4473,Buy,2017-11-02
4474,Buy,2017-11-02
4475,Buy,2017-11-02
4476,Buy,2017-11-03
4477,Buy,2017-11-03
4478,Buy,2017-11-03
4479,Buy,2017-11-03
4480,Buy,2017-11-03
4481,Buy,2017-11-03
4482,Buy,2017-11-03
4483,Buy,2017-11-03
4484,Buy,2017-11-03
4485,Buy,2017-11-03
4486,Hold,2017-11-06
4487,Hold,2017-11-06
4488,Hold,2017-11-06
4489,Hold,2017-11-06
4490,Hold,2017-11-06
4491,Hold,2017-11-06
4492,Hold,2017-11-06
4493,Hold,2017-11-06
4494,Hold,2017-11-06
4495,Hold,2017-11-06
4496,Buy,2017-11-07
4497,Buy,2017-11-07
4498,Buy,2017-11-07
4499,Buy,2017-11-07
4500,Buy,2017-11-07
4501,Buy,2017-11-07
4502,Buy,2017-11-07
4503,Buy,2017-11-07
4504,Buy,2017-11-07
4505,Sell,2017-11-08
4506,Sell,2017-11-08
4507,Sell,2017-11-08
4508,Sell,2017-11-08
4509,Sell,2017-11-08
4510,Sell,2017-11-08
4511,Sell,2017-11-08
4512,Sell,2017-11-08
4513,Sell,2017-11-08
4514,Sell,2017-11-08
4515,Hold,2017-11-09
4516,Hold,2017-11-09
4517,Hold,2017-11-09
4518,Hold,2017-11-09
4519,Hold,2017-11-09
4520,Hold,2017-11-09
4521,Hold,2017-11-09
4522,Hold,2017-11-09
4523,Hold,2017-11-09
4524,Hold,2017-11-10
4525,Hold,2017-11-10
4526,Hold,2017-11-10
4527,Hold,2017-11-10
4528,Hold,2017-11-10
4529,Hold,2017-11-10
4530,Hold,2017-11-10
4531,Hold,2017-11-10
4532,Hold,2017-11-10
4533,Hold,2017-11-10
4534,Hold,2017-11-13
4535,Hold,2017-11-13
4536,Hold,2017-11-13
4537,Hold,2017-11-13
4538,Hold,2017-11-13
4539,Hold,2017-11-13
4540,Hold,2017-11-13
4541,Hold,2017-11-13
4542,Hold,2017-11-13
4543,Hold,2017-11-13
4544,Hold,2017-11-14
4545,Hold,2017-11-14
4546,Hold,2017-11-14
4547,Hold,2017-11-14
4548,Hold,2017-11-14
4549,Hold,2017-11-14
4550,Hold,2017-11-14
4551,Hold,2017-11-14
4552,Hold,2017-11-14
4553,Hold,2017-11-15
4554,Hold,2017-11-15
4555,Hold,2017-11-15
4556,Hold,2017-11-15
4557,Hold,2017-11-15
4558,Hold,2017-11-15
4559,Hold,2017-11-15
4560,Hold,2017-11-15
4561,Hold,2017-11-15
4562,Hold,2017-11-15
4563,Hold,2017-11-16
4564,Hold,2017-11-16
4565,Hold,2017-11-16
4566,Hold,2017-11-16
4567,Hold,2017-11-16
4568,Hold,2017-11-16
4569,Hold,2017-11-16
4570,Hold,2017-11-16
4571,Hold,2017-11-16
4572,Hold,2017-11-17
4573,Hold,2017-11-17
4574,Hold,2017-11-17
4575,Hold,2017-11-17
4576,Hold,2017-11-17
4577,Hold,2017-11-17
4578,Hold,2017-11-17
4579,Hold,2017-11-17
4580,Hold,2017-11-17
4581,Hold,2017-11-17
4582,Buy,2017-11-20
4583,Buy,2017-11-20
4584,Buy,2017-11-20
4585,Buy,2017-11-20
4586,Buy,2017-11-20
4587,Buy,2017-11-20
4588,Buy,2017-11-20
4589,Buy,2017-11-20
4590,Buy,2017-11-20
4591,Buy,2017-11-20
4592,Hold,2017-11-21
4593,Hold,2017-11-21
4594,Hold,2017-11-21
4595,Hold,2017-11-21
4596,Hold,2017-11-21
4597,Hold,2017-11-21
4598,Hold,2017-11-21
4599,Hold,2017-11-21
4600,Hold,2017-11-21
4601,Hold,2017-11-21
4602,Hold,2017-11-22
4603,Hold,2017-11-22
4604,Hold,2017-11-22
4605,Hold,2017-11-22
4606,Hold,2017-11-22
4607,Hold,2017-11-22
4608,Hold,2017-11-22
4609,Hold,2017-11-22
4610,Hold,2017-11-22
4611,Hold,2017-11-22
4612,Hold,2017-11-24
4613,Hold,2017-11-24
4614,Hold,2017-11-24
4615,Hold,2017-11-24
4616,Hold,2017-11-24
4617,Hold,2017-11-24
4618,Hold,2017-11-24
4619,Hold,2017-11-24
4620,Hold,2017-11-27
4621,Hold,2017-11-27
4622,Hold,2017-11-27
4623,Hold,2017-11-27
4624,Hold,2017-11-27
4625,Hold,2017-11-27
4626,Hold,2017-11-27
4627,Hold,2017-11-27
4628,Hold,2017-11-27
4629,Sell,2017-11-28
4630,Sell,2017-11-28
4631,Sell,2017-11-28
4632,Sell,2017-11-28
4633,Sell,2017-11-28
4634,Sell,2017-11-28
4635,Sell,2017-11-28
4636,Sell,2017-11-28
4637,Sell,2017-11-28
4638,Sell,2017-11-28
4639,Buy,2017-11-29
4640,Buy,2017-11-29
4641,Buy,2017-11-29
4642,Buy,2017-11-29
4643,Buy,2017-11-29
4644,Buy,2017-11-29
4645,Buy,2017-11-29
4646,Buy,2017-11-29
4647,Buy,2017-11-29
4648,Buy,2017-11-29
4649,Buy,2017-11-30
4650,Buy,2017-11-30
4651,Buy,2017-11-30
4652,Buy,2017-11-30
4653,Buy,2017-11-30
4654,Buy,2017-11-30
4655,Buy,2017-11-30
4656,Buy,2017-11-30
4657,Buy,2017-11-30
4658,Sell,2017-12-01
4659,Sell,2017-12-01
4660,Sell,2017-12-01
4661,Sell,2017-12-01
4662,Sell,2017-12-01
4663,Sell,2017-12-01
4664,Sell,2017-12-01
4665,Sell,2017-12-01
4666,Sell,2017-12-01
4667,Hold,2017-12-04
4668,Hold,2017-12-04
4669,Hold,2017-12-04
4670,Hold,2017-12-04
4671,Hold,2017-12-04
4672,Hold,2017-12-04
4673,Hold,2017-12-04
4674,Hold,2017-12-04
4675,Hold,2017-12-04
4676,Hold,2017-12-04
4677,Hold,2017-12-05
4678,Hold,2017-12-05
4679,Hold,2017-12-05
4680,Hold,2017-12-05
4681,Hold,2017-12-05
4682,Hold,2017-12-05
4683,Hold,2017-12-05
4684,Hold,2017-12-05
4685,Hold,2017-12-05
4686,Hold,2017-12-05
4687,Hold,2017-12-06
4688,Hold,2017-12-06
4689,Hold,2017-12-06
4690,Hold,2017-12-06
4691,Hold,2017-12-06
4692,Hold,2017-12-06
4693,Hold,2017-12-06
4694,Hold,2017-12-06
4695,Hold,2017-12-06
4696,Hold,2017-12-06
4697,Hold,2017-12-07
4698,Hold,2017-12-07
4699,Hold,2017-12-07
4700,Hold,2017-12-07
4701,Hold,2017-12-07
4702,Hold,2017-12-07
4703,Hold,2017-12-07
4704,Hold,2017-12-07
4705,Hold,2017-12-07
4706,Hold,2017-12-07
4707,Buy,2017-12-08
4708,Buy,2017-12-08
4709,Buy,2017-12-08
4710,Buy,2017-12-08
4711,Buy,2017-12-08
4712,Buy,2017-12-08
4713,Buy,2017-12-08
4714,Buy,2017-12-08
4715,Buy,2017-12-08
4716,Buy,2017-12-08
4717,Hold,2017-12-11
4718,Hold,2017-12-11
4719,Hold,2017-12-11
4720,Hold,2017-12-11
4721,Hold,2017-12-11
4722,Hold,2017-12-11
4723,Hold,2017-12-11
4724,Hold,2017-12-11
4725,Hold,2017-12-11
4726,Hold,2017-12-11
4727,Hold,2017-12-12
4728,Hold,2017-12-12
4729,Hold,2017-12-12
4730,Hold,2017-12-12
4731,Hold,2017-12-12
4732,Hold,2017-12-12
4733,Hold,2017-12-12
4734,Hold,2017-12-12
4735,Hold,2017-12-12
4736,Hold,2017-12-12
4737,Hold,2017-12-13
4738,Hold,2017-12-13
4739,Hold,2017-12-13
4740,Hold,2017-12-13
4741,Hold,2017-12-13
4742,Hold,2017-12-13
4743,Hold,2017-12-13
4744,Hold,2017-12-13
4745,Hold,2017-12-13
4746,Sell,2017-12-14
4747,Sell,2017-12-14
4748,Sell,2017-12-14
4749,Sell,2017-12-14
4750,Sell,2017-12-14
4751,Sell,2017-12-14
4752,Sell,2017-12-14
4753,Sell,2017-12-14
4754,Sell,2017-12-14
4755,Sell,2017-12-14
4756,Buy,2017-12-15
4757,Buy,2017-12-15
4758,Buy,2017-12-15
4759,Buy,2017-12-15
4760,Buy,2017-12-15
4761,Buy,2017-12-15
4762,Buy,2017-12-15
4763,Buy,2017-12-15
4764,Buy,2017-12-15
4765,Buy,2017-12-15
4766,Hold,2017-12-18
4767,Hold,2017-12-18
4768,Hold,2017-12-18
4769,Hold,2017-12-18
4770,Hold,2017-12-18
4771,Hold,2017-12-18
4772,Hold,2017-12-18
4773,Hold,2017-12-18
4774,Hold,2017-12-18
4775,Hold,2017-12-18
4776,Hold,2017-12-19
4777,Hold,2017-12-19
4778,Hold,2017-12-19
4779,Hold,2017-12-19
4780,Hold,2017-12-19
4781,Hold,2017-12-19
4782,Hold,2017-12-19
4783,Hold,2017-12-19
4784,Hold,2017-12-19
4785,Hold,2017-12-19
4786,Hold,2017-12-20
4787,Hold,2017-12-20
4788,Hold,2017-12-20
4789,Hold,2017-12-20
4790,Hold,2017-12-20
4791,Hold,2017-12-20
4792,Hold,2017-12-20
4793,Hold,2017-12-20
4794,Hold,2017-12-20
4795,Hold,2017-12-20
4796,Hold,2017-12-21
4797,Hold,2017-12-21
4798,Hold,2017-12-21
4799,Hold,2017-12-21
4800,Hold,2017-12-21
4801,Hold,2017-12-21
4802,Hold,2017-12-21
4803,Hold,2017-12-21
4804,Hold,2017-12-21
4805,Hold,2017-12-21
4806,Hold,2017-12-22
4807,Hold,2017-12-22
4808,Hold,2017-12-22
4809,Hold,2017-12-22
4810,Hold,2017-12-22
4811,Hold,2017-12-22
4812,Hold,2017-12-22
4813,Hold,2017-12-22
4814,Hold,2017-12-22
4815,Hold,2017-12-22
4816,Hold,2017-12-26
4817,Hold,2017-12-26
4818,Hold,2017-12-26
4819,Hold,2017-12-26
4820,Hold,2017-12-26
4821,Hold,2017-12-26
4822,Hold,2017-12-26
4823,Hold,2017-12-27
4824,Hold,2017-12-27
4825,Hold,2017-12-27
4826,Hold,2017-12-27
4827,Hold,2017-12-27
4828,Hold,2017-12-27
4829,Hold,2017-12-27
4830,Hold,2017-12-27
4831,Hold,2017-12-27
4832,Hold,2017-12-28
4833,Hold,2017-12-28
4834,Hold,2017-12-28
4835,Hold,2017-12-28
4836,Hold,2017-12-28
4837,Hold,2017-12-28
4838,Hold,2017-12-28
4839,Hold,2017-12-28
4840,Hold,2017-12-28
4841,Hold,2017-12-28
4842,Buy,2017-12-29
4843,Buy,2017-12-29
4844,Buy,2017-12-29
4845,Buy,2017-12-29
4846,Buy,2017-12-29
4847,Buy,2017-12-29
4848,Buy,2017-12-29
4849,Buy,2017-12-29
4850,Buy,2017-12-29
